time,pos_x,pos_y,angle,vx,vy,omega,translation_x,translation_y,orientation_error,motor_force_x,motor_force_y,limit_force_x,limit_force_y,limit_spring_force_x,limit_spring_force_y,motor_mode_x,motor_mode_y,motor_target_x,motor_target_y,orientation_target,limit_state_x,limit_state_y,limit_lower_y,limit_upper_y,stage
0.004000,-0.119738,0.179738,0.000000,0.065389,-0.065389,0.000000,-0.119738,0.179738,0.000000,0.000000,0.000000,0.000000,0.000000,0.000000,0.000000,1,1,0.240000,-0.180000,0.000000,0,0,-0.300000,0.050000,0
0.024000,-0.114516,0.174516,0.000000,0.391355,-0.391355,0.000000,-0.114516,0.174516,0.000000,0.000000,0.000000,0.000000,0.000000,0.000000,0.000000,1,1,0.240000,-0.180000,0.000000,0,0,-0.300000,0.050000,0
0.044000,-0.103582,0.163582,0.000000,0.576396,-0.576396,0.000000,-0.103582,0.163582,0.000000,13.460007,-13.460007,0.000000,0.000000,0.000000,0.000000,1,1,0.240000,-0.180000,0.000000,0,0,-0.300000,0.050000,0
0.064000,-0.092457,0.152457,0.000000,0.487621,-0.487621,0.000000,-0.092457,0.152457,0.000000,-26.560976,26.560976,0.000000,0.000000,0.000000,0.000000,1,1,0.240000,-0.180000,0.000000,0,0,-0.300000,0.050000,0
0.084000,-0.082703,0.142703,0.000000,0.496196,-0.496196,0.000000,-0.082703,0.142703,0.000000,-10.010721,10.010721,0.000000,0.000000,0.000000,0.000000,1,1,0.240000,-0.180000,0.000000,0,0,-0.300000,0.050000,0
0.104000,-0.072804,0.132804,0.000000,0.450583,-0.450583,0.000000,-0.072804,0.132804,0.000000,-24.944733,24.944733,0.000000,0.000000,0.000000,0.000000,1,1,0.240000,-0.180000,0.000000,0,0,-0.300000,0.050000,0
0.124000,-0.063104,0.123104,0.000000,0.454556,-0.454556,0.000000,-0.063104,0.123104,0.000000,-15.172058,15.172058,0.000000,0.000000,0.000000,0.000000,1,1,0.240000,-0.180000,0.000000,0,0,-0.300000,0.050000,0
0.144000,-0.053974,0.113974,0.000000,0.516009,-0.516009,0.000000,-0.053974,0.113974,0.000000,27.561270,-27.561270,0.000000,0.000000,0.000000,0.000000,1,1,0.240000,-0.180000,0.000000,0,0,-0.300000,0.050000,0
0.164000,-0.045242,0.105242,0.000000,0.428511,-0.428511,0.000000,-0.045242,0.105242,0.000000,-13.905326,13.905326,0.000000,0.000000,0.000000,0.000000,1,1,0.240000,-0.180000,0.000000,0,0,-0.300000,0.050000,0
0.184000,-0.036413,0.096413,0.000000,0.415239,-0.415239,0.000000,-0.036413,0.096413,0.000000,-13.478686,13.478686,0.000000,0.000000,0.000000,0.000000,1,1,0.240000,-0.180000,0.000000,0,0,-0.300000,0.050000,0
0.204000,-0.027922,0.087922,0.000000,0.386034,-0.386034,0.000000,-0.027922,0.087922,0.000000,-25.576691,25.576691,0.000000,0.000000,0.000000,0.000000,1,1,0.240000,-0.180000,0.000000,0,0,-0.300000,0.050000,0
0.224000,-0.020198,0.080198,0.000000,0.393109,-0.393109,0.000000,-0.020198,0.080198,0.000000,-11.570680,11.570680,0.000000,0.000000,0.000000,0.000000,1,1,0.240000,-0.180000,0.000000,0,0,-0.300000,0.050000,0
0.244000,-0.012198,0.072198,0.000000,0.369830,-0.369830,0.000000,-0.012198,0.072198,0.000000,-16.827613,16.827609,0.000000,0.000000,0.000000,0.000000,1,1,0.240000,-0.180000,0.000000,0,0,-0.300000,0.050000,0
0.264000,-0.005034,0.065034,0.000000,0.346250,-0.346250,0.000000,-0.005034,0.065034,0.000000,-22.906592,22.906602,0.000000,0.000000,0.000000,0.000000,1,1,0.240000,-0.180000,0.000000,0,0,-0.300000,0.050000,0
0.284000,0.002540,0.057460,0.000000,0.400583,-0.400583,0.000000,0.002540,0.057460,0.000000,10.415216,-10.415194,0.000000,0.000000,0.000000,0.000000,1,1,0.240000,-0.180000,0.000000,0,0,-0.300000,0.050000,0
0.304000,0.009231,0.050769,0.000000,0.319572,-0.319572,0.000000,0.009231,0.050769,0.000000,-24.842173,24.842221,0.000000,0.000000,0.000000,0.000000,1,1,0.240000,-0.180000,0.000000,0,0,-0.300000,0.050000,0
0.324000,0.016365,0.043635,0.000000,0.327951,-0.327951,0.000000,0.016365,0.043635,0.000000,-14.918528,14.918442,0.000000,0.000000,0.000000,0.000000,1,1,0.240000,-0.180000,0.000000,0,0,-0.300000,0.050000,0
0.344000,0.023007,0.036993,0.000000,0.392857,-0.392857,0.000000,0.023007,0.036993,0.000000,27.548609,-27.548828,0.000000,0.000000,0.000000,0.000000,1,1,0.240000,-0.180000,0.000000,0,0,-0.300000,0.050000,0
0.364000,0.029333,0.030667,0.000000,0.309915,-0.309916,0.000000,0.029333,0.030667,0.000000,-13.561475,13.561085,0.000000,0.000000,0.000000,0.000000,1,1,0.240000,-0.180000,0.000000,0,0,-0.300000,0.050000,0
0.384000,0.036009,0.023992,0.000000,0.345001,-0.344787,0.000000,0.036009,0.023992,0.000000,9.387347,-9.279409,0.000000,0.000000,0.000000,0.000000,1,1,0.240000,-0.180000,0.000000,0,0,-0.300000,0.050000,0
0.404000,0.042588,0.017411,0.000000,0.365626,-0.366007,0.000000,0.042588,0.017411,0.000000,30.008672,-30.238565,0.000000,0.000000,0.000000,0.000000,1,1,0.240000,-0.180000,0.000000,0,0,-0.300000,0.050000,0
0.424000,0.048274,0.011161,0.000000,0.262090,-0.329714,0.000000,0.048274,0.011161,0.000000,-22.351770,-12.012126,0.000000,0.000000,0.000000,0.000000,1,1,0.240000,-0.180000,0.000000,0,0,-0.300000,0.050000,0
0.444000,0.054177,0.005378,0.000000,0.320597,-0.247587,0.000000,0.054177,0.005378,0.000000,11.722012,24.532433,0.000000,0.000000,0.000000,0.000000,1,1,0.240000,-0.180000,0.000000,0,0,-0.300000,0.050000,0
0.464000,0.059789,-0.000334,0.000000,0.237996,-0.257007,0.000000,0.059789,-0.000334,0.000000,-25.197947,15.227289,0.000000,0.000000,0.000000,0.000000,1,1,0.240000,-0.180000,0.000000,0,0,-0.300000,0.050000,0
0.484000,0.065346,-0.005590,0.000000,0.251402,-0.322828,0.000000,0.065346,-0.005590,0.000000,-14.018622,-25.588501,0.000000,0.000000,0.000000,0.000000,1,1,0.240000,-0.180000,0.000000,0,0,-0.300000,0.050000,0
0.504000,0.070069,-0.011138,0.000000,0.220757,-0.243488,0.000000,0.070069,-0.011138,0.000000,-25.597361,13.341408,0.000000,0.000000,0.000000,0.000000,1,1,0.240000,-0.180000,0.000000,0,0,-0.300000,0.050000,0
0.524000,0.075308,-0.016546,0.000000,0.236990,-0.290654,0.000000,0.075308,-0.016546,0.000000,-13.255112,-14.648697,0.000000,0.000000,0.000000,0.000000,1,1,0.240000,-0.180000,0.000000,0,0,-0.300000,0.050000,0
0.544000,0.080449,-0.022233,0.000000,0.249959,-0.258149,0.000000,0.080449,-0.022233,0.000000,-2.627765,-2.909869,0.000000,0.000000,0.000000,0.000000,1,1,0.240000,-0.180000,0.000000,0,0,-0.300000,0.050000,0
0.564000,0.085172,-0.026953,0.000000,0.183322,-0.188691,0.000000,0.085172,-0.026953,0.000000,-36.000000,33.761272,0.000000,0.000000,0.000000,0.000000,1,1,0.240000,-0.180000,0.000000,0,0,-0.300000,0.050000,0
0.584000,0.090005,-0.031690,0.000000,0.237196,-0.219946,0.000000,0.090005,-0.031690,0.000000,-1.363639,8.662424,0.000000,0.000000,0.000000,0.000000,1,1,0.240000,-0.180000,0.000000,0,0,-0.300000,0.050000,0
0.604000,0.094954,-0.036228,0.000000,0.296187,-0.205058,0.000000,0.094954,-0.036228,0.000000,36.000000,12.488320,0.000000,0.000000,0.000000,0.000000,1,1,0.240000,-0.180000,0.000000,0,0,-0.300000,0.050000,0
0.624000,0.099500,-0.040560,0.000000,0.224919,-0.178989,0.000000,0.099500,-0.040560,0.000000,0.000000,26.503754,0.000000,0.000000,0.000000,0.000000,1,1,0.240000,-0.180000,0.000000,0,0,-0.300000,0.050000,0
0.644000,0.103644,-0.044826,0.000000,0.153477,-0.240957,0.000000,0.103644,-0.044826,0.000000,-36.000000,-12.409794,0.000000,0.000000,0.000000,0.000000,1,1,0.240000,-0.180000,0.000000,0,0,-0.300000,0.050000,0
0.664000,0.107902,-0.048859,0.000000,0.208650,-0.161530,0.000000,0.107902,-0.048859,0.000000,-1.322954,24.184494,0.000000,0.000000,0.000000,0.000000,1,1,0.240000,-0.180000,0.000000,0,0,-0.300000,0.050000,0
0.684000,0.112291,-0.053424,0.000000,0.268850,-0.220984,0.000000,0.112291,-0.053424,0.000000,36.000000,-9.290877,0.000000,0.000000,0.000000,0.000000,1,1,0.240000,-0.180000,0.000000,0,0,-0.300000,0.050000,0
0.704000,0.116294,-0.057036,0.000000,0.197883,-0.244124,0.000000,0.116294,-0.057036,0.000000,0.000000,-28.550002,0.000000,0.000000,0.000000,0.000000,1,1,0.240000,-0.180000,0.000000,0,0,-0.300000,0.050000,0
0.724000,0.119916,-0.060418,0.000000,0.127591,-0.168663,0.000000,0.119916,-0.060418,0.000000,-36.000000,11.336706,0.000000,0.000000,0.000000,0.000000,1,1,0.240000,-0.180000,0.000000,0,0,-0.300000,0.050000,0
0.744000,0.123662,-0.064525,0.000000,0.184025,-0.139653,0.000000,0.123662,-0.064525,0.000000,-1.030773,27.107469,0.000000,0.000000,0.000000,0.000000,1,1,0.240000,-0.180000,0.000000,0,0,-0.300000,0.050000,0
0.764000,0.127560,-0.068046,0.000000,0.244332,-0.201791,0.000000,0.127560,-0.068046,0.000000,36.000000,-11.394538,0.000000,0.000000,0.000000,0.000000,1,1,0.240000,-0.180000,0.000000,0,0,-0.300000,0.050000,0
0.784000,0.131086,-0.071483,0.000000,0.174550,-0.183821,0.000000,0.131086,-0.071483,0.000000,0.000000,-5.139717,0.000000,0.000000,0.000000,0.000000,1,1,0.240000,-0.180000,0.000000,0,0,-0.300000,0.050000,0
0.804000,0.134241,-0.074686,0.000000,0.104340,-0.118276,0.000000,0.134241,-0.074686,0.000000,-36.000000,30.191607,0.000000,0.000000,0.000000,0.000000,1,1,0.240000,-0.180000,0.000000,0,0,-0.300000,0.050000,0
0.824000,0.137544,-0.077901,0.000000,0.161815,-0.136008,0.000000,0.137544,-0.077901,0.000000,-1.034334,13.688892,0.000000,0.000000,0.000000,0.000000,1,1,0.240000,-0.180000,0.000000,0,0,-0.300000,0.050000,0
0.844000,0.141006,-0.081290,0.000000,0.223293,-0.204897,0.000000,0.141006,-0.081290,0.000000,36.000000,-23.575147,0.000000,0.000000,0.000000,0.000000,1,1,0.240000,-0.180000,0.000000,0,0,-0.300000,0.050000,0
0.864000,0.144110,-0.083915,0.000000,0.153408,-0.130390,0.000000,0.144110,-0.083915,0.000000,0.016731,11.682441,0.000000,0.000000,0.000000,0.000000,1,1,0.240000,-0.180000,0.000000,0,0,-0.300000,0.050000,0
0.884000,0.146861,-0.087576,0.000000,0.084346,-0.167154,0.000000,0.146861,-0.087576,0.000000,-36.000000,-9.689855,0.000000,0.000000,0.000000,0.000000,1,1,0.240000,-0.180000,0.000000,0,0,-0.300000,0.050000,0
0.904000,0.149766,-0.090115,0.000000,0.142817,-0.190474,0.000000,0.149766,-0.090115,0.000000,-0.757617,-28.104626,0.000000,0.000000,0.000000,0.000000,1,1,0.240000,-0.180000,0.000000,0,0,-0.300000,0.050000,0
0.924000,0.152848,-0.092464,0.000000,0.204078,-0.116142,0.000000,0.152848,-0.092464,0.000000,36.000000,11.969772,0.000000,0.000000,0.000000,0.000000,1,1,0.240000,-0.180000,0.000000,0,0,-0.300000,0.050000,0
0.944000,0.155583,-0.095031,0.000000,0.135431,-0.090860,0.000000,0.155583,-0.095031,0.000000,0.000000,27.106936,0.000000,0.000000,0.000000,0.000000,1,1,0.240000,-0.180000,0.000000,0,0,-0.300000,0.050000,0
0.964000,0.157970,-0.097599,0.000000,0.066159,-0.154667,0.000000,0.157970,-0.097599,0.000000,-36.000000,-11.467088,0.000000,0.000000,0.000000,0.000000,1,1,0.240000,-0.180000,0.000000,0,0,-0.300000,0.050000,0
0.984000,0.160533,-0.100134,0.000000,0.125382,-0.127997,0.000000,0.160533,-0.100134,0.000000,-0.864618,0.000000,0.000000,0.000000,0.000000,0.000000,1,1,0.240000,-0.180000,0.000000,0,0,-0.300000,0.050000,0
1.004000,0.163277,-0.102381,0.000000,0.187962,-0.059181,0.000000,0.163277,-0.102381,0.000000,36.000000,36.000000,0.000000,0.000000,0.000000,0.000000,1,1,0.240000,-0.180000,0.000000,0,0,-0.300000,0.050000,0
1.024000,0.165684,-0.104804,0.000000,0.118945,-0.118789,0.000000,0.165684,-0.104804,0.000000,0.038698,0.745445,0.000000,0.000000,0.000000,0.000000,1,1,0.240000,-0.180000,0.000000,0,0,-0.300000,0.050000,0
1.044000,0.167759,-0.107415,0.000000,0.050769,-0.181247,0.000000,0.167759,-0.107415,0.000000,-36.000000,-36.000000,0.000000,0.000000,0.000000,0.000000,1,1,0.240000,-0.180000,0.000000,0,0,-0.300000,0.050000,0
1.064000,0.170012,-0.109693,0.000000,0.110894,-0.112571,0.000000,0.170012,-0.109693,0.000000,-0.527297,0.000000,0.000000,0.000000,0.000000,0.000000,1,1,0.240000,-0.180000,0.000000,0,0,-0.300000,0.050000,0
1.084000,0.172461,-0.111642,0.000000,0.172813,-0.044494,0.000000,0.172461,-0.111642,0.000000,36.000000,36.000000,0.000000,0.000000,0.000000,0.000000,1,1,0.240000,-0.180000,0.000000,0,0,-0.300000,0.050000,0
1.104000,0.174582,-0.113774,0.000000,0.105025,-0.104891,0.000000,0.174582,-0.113774,0.000000,0.000000,0.519795,0.000000,0.000000,0.000000,0.000000,1,1,0.240000,-0.180000,0.000000,0,0,-0.300000,0.050000,0
1.124000,0.176374,-0.116105,0.000000,0.036564,-0.167089,0.000000,0.176374,-0.116105,0.000000,-36.000000,-36.000000,0.000000,0.000000,0.000000,0.000000,1,1,0.240000,-0.180000,0.000000,0,0,-0.300000,0.050000,0
1.144000,0.178363,-0.118113,0.000000,0.097153,-0.099502,0.000000,0.178363,-0.118113,0.000000,-0.719517,0.000000,0.000000,0.000000,0.000000,0.000000,1,1,0.240000,-0.180000,0.000000,0,0,-0.300000,0.050000,0
1.164000,0.180549,-0.119795,0.000000,0.160530,-0.031115,0.000000,0.180549,-0.119795,0.000000,36.000000,36.000000,0.000000,0.000000,0.000000,0.000000,1,1,0.240000,-0.180000,0.000000,0,0,-0.300000,0.050000,0
1.184000,0.182415,-0.121675,0.000000,0.092171,-0.091983,0.000000,0.182415,-0.121675,0.000000,0.032878,0.655100,0.000000,0.000000,0.000000,0.000000,1,1,0.240000,-0.180000,0.000000,0,0,-0.300000,0.050000,0
1.204000,0.183968,-0.123759,0.000000,0.024782,-0.155442,0.000000,0.183968,-0.123759,0.000000,-36.000000,-36.000000,0.000000,0.000000,0.000000,0.000000,1,1,0.240000,-0.180000,0.000000,0,0,-0.300000,0.050000,0
1.224000,0.185714,-0.125525,0.000000,0.086089,-0.087210,0.000000,0.185714,-0.125525,0.000000,-0.371918,-0.039051,0.000000,0.000000,0.000000,0.000000,1,1,0.240000,-0.180000,0.000000,0,0,-0.300000,0.050000,0
1.244000,0.187672,-0.126979,0.000000,0.148621,-0.019936,0.000000,0.187672,-0.126979,0.000000,36.000000,36.000000,0.000000,0.000000,0.000000,0.000000,1,1,0.240000,-0.180000,0.000000,0,0,-0.300000,0.050000,0
1.264000,0.189317,-0.128631,0.000000,0.081526,-0.081505,0.000000,0.189317,-0.128631,0.000000,0.000000,0.329974,0.000000,0.000000,0.000000,0.000000,1,1,0.240000,-0.180000,0.000000,0,0,-0.300000,0.050000,0
1.284000,0.190648,-0.130498,0.000000,0.013581,-0.144094,0.000000,0.190648,-0.130498,0.000000,-36.000000,-36.000000,0.000000,0.000000,0.000000,0.000000,1,1,0.240000,-0.180000,0.000000,0,0,-0.300000,0.050000,0
1.304000,0.192191,-0.132055,0.000000,0.075213,-0.077112,0.000000,0.192191,-0.132055,0.000000,-0.630196,0.000000,0.000000,0.000000,0.000000,0.000000,1,1,0.240000,-0.180000,0.000000,0,0,-0.300000,0.050000,0
1.324000,0.193945,-0.133300,0.000000,0.139186,-0.009368,0.000000,0.193945,-0.133300,0.000000,36.000000,36.000000,0.000000,0.000000,0.000000,0.000000,1,1,0.240000,-0.180000,0.000000,0,0,-0.300000,0.050000,0
1.344000,0.195392,-0.134760,0.000000,0.071387,-0.071223,0.000000,0.195392,-0.134760,0.000000,0.000000,0.570158,0.000000,0.000000,0.000000,0.000000,1,1,0.240000,-0.180000,0.000000,0,0,-0.300000,0.050000,0
1.364000,0.196539,-0.136435,0.000000,0.004652,-0.135347,0.000000,0.196539,-0.136435,0.000000,-36.000000,-36.000000,0.000000,0.000000,0.000000,0.000000,1,1,0.240000,-0.180000,0.000000,0,0,-0.300000,0.050000,0
1.384000,0.197892,-0.137804,0.000000,0.066785,-0.067616,0.000000,0.197892,-0.137804,0.000000,-0.284260,-0.062335,0.000000,0.000000,0.000000,0.000000,1,1,0.240000,-0.180000,0.000000,0,0,-0.300000,0.050000,0
1.404000,0.197916,-0.138874,0.212886,-0.129585,-0.000799,-1.778438,0.197916,-0.138874,-0.007114,0.000000,0.000000,0.000000,0.000000,0.000000,0.000000,1,1,-0.140000,-0.040000,0.220000,0,0,-0.300000,0.050000,1
1.424000,0.191414,-0.135797,0.219999,-0.455231,0.194662,-0.000334,0.191414,-0.135797,-0.000001,0.000000,20.778615,0.000000,0.000000,0.000000,0.000000,1,1,-0.140000,-0.040000,0.220000,0,0,-0.300000,0.050000,1
1.444000,0.181068,-0.132144,0.220000,-0.506313,0.167155,-0.000000,0.181068,-0.132144,-0.000000,3.625860,9.915103,0.000000,0.000000,0.000000,0.000000,1,1,-0.140000,-0.040000,0.220000,0,0,-0.300000,0.050000,1
1.464000,0.170780,-0.129618,0.220000,-0.557354,0.189255,-0.000000,0.170780,-0.129618,-0.000000,-36.000000,27.628180,0.000000,0.000000,0.000000,0.000000,1,1,-0.140000,-0.040000,0.220000,0,0,-0.300000,0.050000,1
1.484000,0.161035,-0.127277,0.220000,-0.486481,0.112051,-0.000000,0.161035,-0.127277,0.000000,-2.497054,-13.814429,0.000000,0.000000,0.000000,0.000000,1,1,-0.140000,-0.040000,0.220000,0,0,-0.300000,0.050000,1
1.504000,0.151827,-0.125184,0.220000,-0.411328,0.116537,0.000000,0.151827,-0.125184,0.000000,33.364751,-9.885289,0.000000,0.000000,0.000000,0.000000,1,1,-0.140000,-0.040000,0.220000,0,0,-0.300000,0.050000,1
1.524000,0.142755,-0.122708,0.220000,-0.432349,0.085836,0.000000,0.142755,-0.122708,0.000000,9.985770,-23.295236,0.000000,0.000000,0.000000,0.000000,1,1,-0.140000,-0.040000,0.220000,0,0,-0.300000,0.050000,1
1.544000,0.134105,-0.120205,0.220000,-0.389223,0.148166,0.000000,0.134105,-0.120205,0.000000,24.674145,9.968476,0.000000,0.000000,0.000000,0.000000,1,1,-0.140000,-0.040000,0.220000,0,0,-0.300000,0.050000,1
1.564000,0.125617,-0.118053,0.220000,-0.394048,0.170803,0.000000,0.125617,-0.118053,0.000000,15.446855,27.655873,0.000000,0.000000,0.000000,0.000000,1,1,-0.140000,-0.040000,0.220000,0,0,-0.300000,0.050000,1
1.584000,0.117739,-0.116084,0.220000,-0.438858,0.086245,0.000000,0.117739,-0.116084,0.000000,-13.342700,-17.776769,0.000000,0.000000,0.000000,0.000000,1,1,-0.140000,-0.040000,0.220000,0,0,-0.300000,0.050000,1
1.604000,0.109310,-0.114410,0.220000,-0.352945,0.081096,0.000000,0.109310,-0.114410,0.000000,27.574449,-19.016509,0.000000,0.000000,0.000000,0.000000,1,1,-0.140000,-0.040000,0.220000,0,0,-0.300000,0.050000,1
1.624000,0.101601,-0.112770,0.220000,-0.406881,0.084820,0.000000,0.101601,-0.112770,0.000000,-10.251585,-15.833918,0.000000,0.000000,0.000000,0.000000,1,1,-0.140000,-0.040000,0.220000,0,0,-0.300000,0.050000,1
1.644000,0.094783,-0.111230,0.220000,-0.325395,0.066162,0.000000,0.094783,-0.111230,0.000000,25.141650,-23.954745,0.000000,0.000000,0.000000,0.000000,1,1,-0.140000,-0.040000,0.220000,0,0,-0.300000,0.050000,1
1.664000,0.087520,-0.108540,0.220000,-0.335183,0.129701,0.000000,0.087520,-0.108540,0.000000,14.408291,10.065290,0.000000,0.000000,0.000000,0.000000,1,1,-0.140000,-0.040000,0.220000,0,0,-0.300000,0.050000,1
1.684000,0.080745,-0.106753,0.220000,-0.401080,0.152617,0.000000,0.080745,-0.106753,0.000000,-28.885037,27.587804,0.000000,0.000000,0.000000,0.000000,1,1,-0.140000,-0.040000,0.220000,0,0,-0.300000,0.050000,1
1.704000,0.074307,-0.104590,0.220000,-0.320432,0.168249,0.000000,0.074307,-0.104590,0.000000,11.207366,36.000000,0.000000,0.000000,0.000000,0.000000,1,1,-0.140000,-0.040000,0.220000,0,0,-0.300000,0.050000,1
1.724000,0.067779,-0.102560,0.220000,-0.288535,0.100553,0.000000,0.067779,-0.102560,0.000000,21.966374,0.000000,0.000000,0.000000,0.000000,0.000000,1,1,-0.140000,-0.040000,0.220000,0,0,-0.300000,0.050000,1
1.744000,0.061925,-0.100858,0.220000,-0.304225,0.032129,0.000000,0.061925,-0.100858,0.000000,9.403034,-36.000000,0.000000,0.000000,0.000000,0.000000,1,1,-0.140000,-0.040000,0.220000,0,0,-0.300000,0.050000,1
1.764000,0.055808,-0.098956,0.220000,-0.263196,0.092931,0.000000,0.055808,-0.098956,0.000000,25.071364,-0.686122,0.000000,0.000000,0.000000,0.000000,1,1,-0.140000,-0.040000,0.220000,0,0,-0.300000,0.050000,1
1.784000,0.049765,-0.096853,0.220000,-0.274957,0.156439,0.000000,0.049765,-0.096853,0.000000,14.326107,36.000000,0.000000,0.000000,0.000000,0.000000,1,1,-0.140000,-0.040000,0.220000,0,0,-0.300000,0.050000,1
1.804000,0.044173,-0.095068,0.220000,-0.342410,0.088195,0.000000,0.044173,-0.095068,0.000000,-28.781216,0.057326,0.000000,0.000000,0.000000,0.000000,1,1,-0.140000,-0.040000,0.220000,0,0,-0.300000,0.050000,1
1.824000,0.038877,-0.093595,0.220000,-0.263742,0.020813,0.000000,0.038877,-0.093595,0.000000,11.217600,-36.000000,0.000000,0.000000,0.000000,0.000000,1,1,-0.140000,-0.040000,0.220000,0,0,-0.300000,0.050000,1
1.844000,0.032922,-0.091925,0.220000,-0.229951,0.082335,0.000000,0.032922,-0.091925,0.000000,28.063322,-0.360052,0.000000,0.000000,0.000000,0.000000,1,1,-0.140000,-0.040000,0.220000,0,0,-0.300000,0.050000,1
1.864000,0.027598,-0.090041,0.220000,-0.287141,0.145011,0.000000,0.027598,-0.090041,0.000000,-9.563202,36.000000,0.000000,0.000000,0.000000,0.000000,1,1,-0.140000,-0.040000,0.220000,0,0,-0.300000,0.050000,1
1.884000,0.022711,-0.088466,0.220000,-0.305927,0.078034,0.000000,0.022711,-0.088466,0.000000,-27.484198,0.000000,0.000000,0.000000,0.000000,0.000000,1,1,-0.140000,-0.040000,0.220000,0,0,-0.300000,0.050000,1
1.904000,0.018082,-0.087206,0.220000,-0.226093,0.010144,0.000000,0.018082,-0.087206,0.000000,13.417489,-36.000000,0.000000,0.000000,0.000000,0.000000,1,1,-0.140000,-0.040000,0.220000,0,0,-0.300000,0.050000,1
1.924000,0.012931,-0.085729,0.220000,-0.293772,0.071942,0.000000,0.012931,-0.085729,0.000000,-24.652245,-0.602374,0.000000,0.000000,0.000000,0.000000,1,1,-0.140000,-0.040000,0.220000,0,0,-0.300000,0.050000,1
1.944000,0.008616,-0.084040,0.220000,-0.218473,0.136018,0.000000,0.008616,-0.084040,0.000000,9.646431,36.000000,0.000000,0.000000,0.000000,0.000000,1,1,-0.140000,-0.040000,0.220000,0,0,-0.300000,0.050000,1
1.964000,0.004162,-0.082657,0.220000,-0.182288,0.068230,0.000000,0.004162,-0.082657,0.000000,24.219168,0.000738,0.000000,0.000000,0.000000,0.000000,1,1,-0.140000,-0.040000,0.220000,0,0,-0.300000,0.050000,1
1.984000,-0.000810,-0.081570,0.220000,-0.240889,0.001663,0.000000,-0.000810,-0.081570,0.000000,-9.155064,-36.000000,0.000000,0.000000,0.000000,0.000000,1,1,-0.140000,-0.040000,0.220000,0,0,-0.300000,0.050000,1
2.004000,-0.004818,-0.080277,0.220000,-0.263899,0.063812,0.000000,-0.004818,-0.080277,0.000000,-28.689904,-0.305676,0.000000,0.000000,0.000000,0.000000,1,1,-0.140000,-0.040000,0.220000,0,0,-0.300000,0.050000,1
2.024000,-0.008582,-0.078757,0.220000,-0.187974,0.127215,0.000000,-0.008582,-0.078757,0.000000,11.146539,36.000000,0.000000,0.000000,0.000000,0.000000,1,1,-0.140000,-0.040000,0.220000,0,0,-0.300000,0.050000,1
2.044000,-0.013055,-0.077535,0.220000,-0.157094,0.060546,0.000000,-0.013055,-0.077535,0.000000,27.652676,0.000000,0.000000,0.000000,0.000000,0.000000,1,1,-0.140000,-0.040000,0.220000,0,0,-0.300000,0.050000,1
2.064000,-0.016938,-0.076617,0.220000,-0.217575,-0.006908,0.000000,-0.016938,-0.076617,0.000000,-10.399954,-36.000000,0.000000,0.000000,0.000000,0.000000,1,1,-0.140000,-0.040000,0.220000,0,0,-0.300000,0.050000,1
2.084000,-0.020420,-0.075471,0.220000,-0.234854,0.055664,0.000000,-0.020420,-0.075471,0.000000,-26.229358,-0.537296,0.000000,0.000000,0.000000,0.000000,1,1,-0.140000,-0.040000,0.220000,0,0,-0.300000,0.050000,1
2.104000,-0.024255,-0.074103,0.220000,-0.158202,0.120181,0.000000,-0.024255,-0.074103,0.000000,13.504765,36.000000,0.000000,0.000000,0.000000,0.000000,1,1,-0.140000,-0.040000,0.220000,0,0,-0.300000,0.050000,1
2.124000,-0.028076,-0.073030,0.220000,-0.227059,0.052902,0.000000,-0.028076,-0.073030,0.000000,-24.088962,0.000000,0.000000,0.000000,0.000000,0.000000,1,1,-0.140000,-0.040000,0.220000,0,0,-0.300000,0.050000,1
2.144000,-0.031111,-0.072246,0.220000,-0.152926,-0.013381,0.000000,-0.031111,-0.072246,0.000000,10.650987,-36.000000,0.000000,0.000000,0.000000,0.000000,1,1,-0.140000,-0.040000,0.220000,0,0,-0.300000,0.050000,1
2.164000,-0.035217,-0.071243,0.220000,-0.204140,0.049692,0.000000,-0.035217,-0.071243,0.000000,-18.324116,-0.141080,0.000000,0.000000,0.000000,0.000000,1,1,-0.140000,-0.040000,0.220000,0,0,-0.300000,0.050000,1
2.184000,-0.039189,-0.070005,0.220000,-0.193380,0.113112,0.000000,-0.039189,-0.070005,0.000000,-16.113916,36.000000,0.000000,0.000000,0.000000,0.000000,1,1,-0.140000,-0.040000,0.220000,0,0,-0.300000,0.050000,1
2.204000,-0.043071,-0.069057,0.220000,-0.198502,0.047031,0.000000,-0.043071,-0.069057,0.000000,-21.796039,0.000000,0.000000,0.000000,0.000000,0.000000,1,1,-0.140000,-0.040000,0.220000,0,0,-0.300000,0.050000,1
2.224000,-0.046197,-0.068405,0.220000,-0.122949,-0.020121,0.000000,-0.046197,-0.068405,0.000000,13.583138,-36.000000,0.000000,0.000000,0.000000,0.000000,1,1,-0.140000,-0.040000,0.220000,0,0,-0.300000,0.050000,1
2.244000,-0.049329,-0.067515,0.220000,-0.192342,0.043057,0.000000,-0.049329,-0.067515,0.000000,-23.726438,-0.478087,0.000000,0.000000,0.000000,0.000000,1,1,-0.140000,-0.040000,0.220000,0,0,-0.300000,0.050000,1
2.264000,-0.051701,-0.066396,0.220000,-0.118655,0.107924,0.000000,-0.051701,-0.066396,0.000000,11.321967,36.000000,0.000000,0.000000,0.000000,0.000000,1,1,-0.140000,-0.040000,0.220000,0,0,-0.300000,0.050000,1
2.284000,-0.054832,-0.065564,0.220000,-0.091741,0.040984,0.000000,-0.054832,-0.065564,0.000000,26.768413,0.000000,0.000000,0.000000,0.000000,0.000000,1,1,-0.140000,-0.040000,0.220000,0,0,-0.300000,0.050000,1
2.304000,-0.057403,-0.065014,0.220000,-0.156177,-0.025012,0.000000,-0.057403,-0.065014,0.000000,-12.067447,-36.000000,0.000000,0.000000,0.000000,0.000000,1,1,-0.140000,-0.040000,0.220000,0,0,-0.300000,0.050000,1
2.324000,-0.059782,-0.064237,0.220000,-0.077692,0.038675,0.000000,-0.059782,-0.064237,0.000000,25.382341,-0.045972,0.000000,0.000000,0.000000,0.000000,1,1,-0.140000,-0.040000,0.220000,0,0,-0.300000,0.050000,1
2.344000,-0.062214,-0.063217,0.220000,-0.098174,0.102254,0.000000,-0.062214,-0.063217,0.000000,13.160428,36.000000,0.000000,0.000000,0.000000,0.000000,1,1,-0.140000,-0.040000,0.220000,0,0,-0.300000,0.050000,1
2.364000,-0.064849,-0.062483,0.220000,-0.169028,0.036452,0.000000,-0.064849,-0.062483,0.000000,-24.484012,0.000000,0.000000,0.000000,0.000000,0.000000,1,1,-0.140000,-0.040000,0.220000,0,0,-0.300000,0.050000,1
2.384000,-0.066734,-0.062035,0.220000,-0.097976,-0.030278,0.000000,-0.066734,-0.062035,0.000000,9.634610,-36.000000,0.000000,0.000000,0.000000,0.000000,1,1,-0.140000,-0.040000,0.220000,0,0,-0.300000,0.050000,1
2.404000,-0.068833,-0.061345,0.220000,-0.066676,0.033415,0.000000,-0.068833,-0.061345,0.000000,23.646243,-0.364250,0.000000,0.000000,0.000000,0.000000,1,1,-0.140000,-0.040000,0.220000,0,0,-0.300000,0.050000,1
2.424000,-0.071520,-0.060418,0.220000,-0.130915,0.098617,0.000000,-0.071520,-0.060418,0.000000,-10.722648,36.000000,0.000000,0.000000,0.000000,0.000000,1,1,-0.140000,-0.040000,0.220000,0,0,-0.300000,0.050000,1
2.444000,-0.073293,-0.059773,0.220000,-0.150217,0.031785,0.000000,-0.073293,-0.059773,0.000000,-26.188388,0.079590,0.000000,0.000000,0.000000,0.000000,1,1,-0.140000,-0.040000,0.220000,0,0,-0.300000,0.050000,1
2.464000,-0.075475,-0.059405,0.220000,-0.076379,-0.034087,0.000000,-0.075475,-0.059405,0.000000,13.453380,-36.000000,0.000000,0.000000,0.000000,0.000000,1,1,-0.140000,-0.040000,0.220000,0,0,-0.300000,0.050000,1
2.484000,-0.077690,-0.058802,0.220000,-0.147010,0.030011,0.000000,-0.077690,-0.058802,0.000000,-23.741836,-0.031690,0.000000,0.000000,0.000000,0.000000,1,1,-0.140000,-0.040000,0.220000,0,0,-0.300000,0.050000,1
2.504000,-0.079175,-0.057953,-0.108072,-0.075045,0.093979,17.982000,-0.079175,-0.057953,0.071928,11.154215,36.000000,0.000000,0.000000,0.000000,0.000000,1,1,-0.140000,-0.040000,-0.180000,0,0,-0.300000,0.050000,2
2.524000,-0.081446,-0.057382,-0.179986,-0.049120,0.028462,0.003381,-0.081446,-0.057382,0.000014,26.800370,0.000000,0.000000,0.000000,0.000000,0.000000,1,1,-0.140000,-0.040000,-0.180000,0,0,-0.300000,0.050000,2
2.544000,-0.083185,-0.057096,-0.180000,-0.114951,-0.038207,0.000001,-0.083185,-0.057096,0.000000,-12.073195,-36.000000,0.000000,0.000000,0.000000,0.000000,1,1,-0.140000,-0.040000,-0.180000,0,0,-0.300000,0.050000,2
2.564000,-0.084792,-0.056560,-0.180000,-0.046704,0.025860,0.000000,-0.084792,-0.056560,0.000000,20.860978,-0.314294,0.000000,0.000000,0.000000,0.000000,1,1,-0.140000,-0.040000,-0.180000,0,0,-0.300000,0.050000,2
2.584000,-0.085860,-0.055783,-0.180000,-0.064740,0.091120,0.000000,-0.085860,-0.055783,0.000000,10.959956,36.000000,0.000000,0.000000,0.000000,0.000000,1,1,-0.140000,-0.040000,-0.180000,0,0,-0.300000,0.050000,2
2.604000,-0.087918,-0.055283,-0.180000,-0.038211,0.024483,0.000000,-0.087918,-0.055283,0.000000,27.134968,0.000000,0.000000,0.000000,0.000000,0.000000,1,1,-0.140000,-0.040000,-0.180000,0,0,-0.300000,0.050000,2
2.624000,-0.089458,-0.055056,-0.180000,-0.103764,-0.041028,0.000000,-0.089458,-0.055056,0.000000,-11.494524,-36.000000,0.000000,0.000000,0.000000,0.000000,1,1,-0.140000,-0.040000,-0.180000,0,0,-0.300000,0.050000,2
2.644000,-0.090979,-0.054590,-0.180000,-0.086518,0.023268,0.000000,-0.090979,-0.054590,0.000000,-4.066706,0.000000,0.000000,0.000000,0.000000,0.000000,1,1,-0.140000,-0.040000,-0.180000,0,0,-0.300000,0.050000,2
2.664000,-0.092303,-0.053873,-0.180000,-0.022173,0.087599,0.000000,-0.092303,-0.053873,0.000000,32.565091,36.000000,0.000000,0.000000,0.000000,0.000000,1,1,-0.140000,-0.040000,-0.180000,0,0,-0.300000,0.050000,2
2.684000,-0.093736,-0.053431,-0.180000,-0.054311,0.022034,0.000000,-0.093736,-0.053431,0.000000,9.872346,0.000000,0.000000,0.000000,0.000000,0.000000,1,1,-0.140000,-0.040000,-0.180000,0,0,-0.300000,0.050000,2
2.704000,-0.094996,-0.053268,-0.180000,-0.026095,-0.044416,0.000000,-0.094996,-0.053268,0.000000,23.011441,-36.000000,0.000000,0.000000,0.000000,0.000000,1,1,-0.140000,-0.040000,-0.180000,0,0,-0.300000,0.050000,2
2.724000,-0.096317,-0.052852,-0.180000,-0.091131,0.020098,0.000000,-0.096317,-0.052852,0.000000,-10.661406,-0.230040,0.000000,0.000000,0.000000,0.000000,1,1,-0.140000,-0.040000,-0.180000,0,0,-0.300000,0.050000,2
2.744000,-0.097317,-0.052190,-0.180000,-0.112495,0.085387,0.000000,-0.097317,-0.052190,0.000000,-26.612465,36.000000,0.000000,0.000000,0.000000,0.000000,1,1,-0.140000,-0.040000,-0.180000,0,0,-0.300000,0.050000,2
2.764000,-0.098745,-0.051803,-0.180000,-0.040773,0.018952,0.000000,-0.098745,-0.051803,0.000000,12.644317,0.000000,0.000000,0.000000,0.000000,0.000000,1,1,-0.140000,-0.040000,-0.180000,0,0,-0.300000,0.050000,2
2.784000,-0.100230,-0.051686,-0.180000,-0.110867,-0.046532,0.000000,-0.100230,-0.051686,0.000000,-23.696735,-36.000000,0.000000,0.000000,0.000000,0.000000,1,1,-0.140000,-0.040000,-0.180000,0,0,-0.300000,0.050000,2
2.804000,-0.101011,-0.051324,-0.180000,-0.040141,0.018103,0.000000,-0.101011,-0.051324,0.000000,11.143010,0.000000,0.000000,0.000000,0.000000,0.000000,1,1,-0.140000,-0.040000,-0.180000,0,0,-0.300000,0.050000,2
2.824000,-0.102600,-0.050708,-0.180000,-0.015674,0.082572,0.000000,-0.102600,-0.050708,0.000000,26.565659,36.000000,0.000000,0.000000,0.000000,0.000000,1,1,-0.140000,-0.040000,-0.180000,0,0,-0.300000,0.050000,2
2.844000,-0.103676,-0.050367,-0.180000,-0.083105,0.017032,0.000000,-0.103676,-0.050367,0.000000,-12.539425,0.000000,0.000000,0.000000,0.000000,0.000000,1,1,-0.140000,-0.040000,-0.180000,0,0,-0.300000,0.050000,2
2.864000,-0.104611,-0.050298,-0.180000,-0.007171,-0.049057,0.000000,-0.104611,-0.050298,0.000000,24.789536,-36.000000,0.000000,0.000000,0.000000,0.000000,1,1,-0.140000,-0.040000,-0.180000,0,0,-0.300000,0.050000,2
2.884000,-0.105635,-0.049975,-0.180000,-0.027098,0.015555,0.000000,-0.105635,-0.049975,0.000000,13.974594,-0.200467,0.000000,0.000000,0.000000,0.000000,1,1,-0.140000,-0.040000,-0.180000,0,0,-0.300000,0.050000,2
2.904000,-0.106359,-0.049404,-0.180000,-0.100983,0.080867,0.000000,-0.106359,-0.049404,0.000000,-28.387753,36.000000,0.000000,0.000000,0.000000,0.000000,1,1,-0.140000,-0.040000,-0.180000,0,0,-0.300000,0.050000,2
2.924000,-0.106949,-0.049103,-0.180000,-0.030531,0.014752,0.000000,-0.106949,-0.049103,0.000000,11.199622,0.000000,0.000000,0.000000,0.000000,0.000000,1,1,-0.140000,-0.040000,-0.180000,0,0,-0.300000,0.050000,2
2.944000,-0.108353,-0.049070,-0.180000,-0.006789,-0.050711,0.000000,-0.108353,-0.049070,0.000000,26.374768,-36.000000,0.000000,0.000000,0.000000,0.000000,1,1,-0.140000,-0.040000,-0.180000,0,0,-0.300000,0.050000,2
2.964000,-0.109248,-0.048790,-0.180000,-0.074896,0.013982,0.000000,-0.109248,-0.048790,0.000000,-12.891733,0.000000,0.000000,0.000000,0.000000,0.000000,1,1,-0.140000,-0.040000,-0.180000,0,0,-0.300000,0.050000,2
2.984000,-0.110013,-0.048254,-0.180000,0.000074,0.078815,0.000000,-0.110013,-0.048254,0.000000,24.088812,36.000000,0.000000,0.000000,0.000000,0.000000,1,1,-0.140000,-0.040000,-0.180000,0,0,-0.300000,0.050000,2
3.004000,-0.111415,-0.047988,-0.180000,-0.065615,0.013247,0.000000,-0.111415,-0.047988,0.000000,-9.976014,0.000000,0.000000,0.000000,0.000000,0.000000,1,1,-0.140000,-0.040000,-0.180000,0,0,-0.300000,0.050000,2
3.024000,-0.111956,-0.047994,-0.180000,-0.091803,-0.052777,0.000000,-0.111956,-0.047994,0.000000,-28.251093,-36.000000,0.000000,0.000000,0.000000,0.000000,1,1,-0.140000,-0.040000,-0.180000,0,0,-0.300000,0.050000,2
3.044000,-0.112372,-0.047744,-0.180000,-0.021427,0.012108,0.000000,-0.112372,-0.047744,0.000000,11.415539,-0.139419,0.000000,0.000000,0.000000,0.000000,1,1,-0.140000,-0.040000,-0.180000,0,0,-0.300000,0.050000,2
3.064000,-0.113611,-0.047241,-0.180000,0.000749,0.077436,0.000000,-0.113611,-0.047241,0.000000,25.850665,36.000000,0.000000,0.000000,0.000000,0.000000,1,1,-0.140000,-0.040000,-0.180000,0,0,-0.300000,0.050000,2
3.084000,-0.113782,-0.047008,-0.180000,-0.015585,0.011396,0.000000,-0.113782,-0.047008,0.000000,13.213546,0.000000,0.000000,0.000000,0.000000,0.000000,1,1,-0.140000,-0.040000,-0.180000,0,0,-0.300000,0.050000,2
3.104000,-0.114799,-0.047042,-0.180000,-0.087991,-0.054050,0.000000,-0.114799,-0.047042,0.000000,-23.911197,-36.000000,0.000000,0.000000,0.000000,0.000000,1,1,-0.140000,-0.040000,-0.180000,0,0,-0.300000,0.050000,2
3.124000,-0.115124,-0.046824,-0.180000,-0.018617,0.010906,0.000000,-0.115124,-0.046824,0.000000,10.616917,0.000000,0.000000,0.000000,0.000000,0.000000,1,1,-0.140000,-0.040000,-0.180000,0,0,-0.300000,0.050000,2
3.144000,-0.116263,-0.046349,-0.180000,0.007764,0.075748,0.000000,-0.116263,-0.046349,0.000000,27.519086,36.000000,0.000000,0.000000,0.000000,0.000000,1,1,-0.140000,-0.040000,-0.180000,0,0,-0.300000,0.050000,2
3.164000,-0.116918,-0.046143,-0.180000,-0.058614,0.010242,0.000000,-0.116918,-0.046143,0.000000,-10.879301,0.000000,0.000000,0.000000,0.000000,0.000000,1,1,-0.140000,-0.040000,-0.180000,0,0,-0.300000,0.050000,2
3.184000,-0.117272,-0.046206,-0.180000,-0.080213,-0.055577,0.000000,-0.117272,-0.046206,0.000000,-26.392320,-36.000000,0.000000,0.000000,0.000000,0.000000,1,1,-0.140000,-0.040000,-0.180000,0,0,-0.300000,0.050000,2
3.204000,-0.118077,-0.046012,-0.180000,-0.009165,0.009368,0.000000,-0.118077,-0.046012,0.000000,12.988207,-0.124217,0.000000,0.000000,0.000000,0.000000,1,1,-0.140000,-0.040000,-0.180000,0,0,-0.300000,0.050000,2
3.224000,-0.118962,-0.045564,-0.180000,-0.082213,0.074711,0.000000,-0.118962,-0.045564,0.000000,-24.352874,36.000000,0.000000,0.000000,0.000000,0.000000,1,1,-0.140000,-0.040000,-0.180000,0,0,-0.300000,0.050000,2
3.244000,-0.119155,-0.045383,-0.180000,-0.014084,0.008875,0.000000,-0.119155,-0.045383,0.000000,9.656411,0.000000,0.000000,0.000000,0.000000,0.000000,1,1,-0.140000,-0.040000,-0.180000,0,0,-0.300000,0.050000,2
3.264000,-0.119617,-0.045467,-0.180000,0.013652,-0.056576,0.000000,-0.119617,-0.045467,0.000000,23.194360,-36.000000,0.000000,0.000000,0.000000,0.000000,1,1,-0.140000,-0.040000,-0.180000,0,0,-0.300000,0.050000,2
3.284000,-0.120025,-0.045299,-0.180000,-0.083934,0.008439,0.000000,-0.120025,-0.045299,0.000000,-31.281920,0.000000,0.000000,0.000000,0.000000,0.000000,1,1,-0.140000,-0.040000,-0.180000,0,0,-0.300000,0.050000,2
3.304000,-0.120718,-0.044872,-0.180000,-0.053596,0.073470,0.000000,-0.120718,-0.044872,0.000000,-11.410988,36.000000,0.000000,0.000000,0.000000,0.000000,1,1,-0.140000,-0.040000,-0.180000,0,0,-0.300000,0.050000,2
3.324000,-0.120576,-0.044712,-0.180000,0.019393,0.007975,0.000000,-0.120576,-0.044712,0.000000,25.304859,0.000000,0.000000,0.000000,0.000000,0.000000,1,1,-0.140000,-0.040000,-0.180000,0,0,-0.300000,0.050000,2
3.344000,-0.121107,-0.044820,-0.180000,-0.004345,-0.057830,0.000000,-0.121107,-0.044820,0.000000,12.975168,-36.000000,0.000000,0.000000,0.000000,0.000000,1,1,-0.140000,-0.040000,-0.180000,0,0,-0.300000,0.050000,2
3.364000,-0.121897,-0.044669,-0.180000,-0.077520,0.007324,0.000000,-0.121897,-0.044669,0.000000,-24.353639,-0.072525,0.000000,0.000000,0.000000,0.000000,1,1,-0.140000,-0.040000,-0.180000,0,0,-0.300000,0.050000,2
3.384000,-0.121998,-0.044262,-0.180000,-0.009568,0.072649,0.000000,-0.121998,-0.044262,0.000000,9.640815,36.000000,0.000000,0.000000,0.000000,0.000000,1,1,-0.140000,-0.040000,-0.180000,0,0,-0.300000,0.050000,2
3.404000,-0.122186,-0.043599,-0.180000,0.064568,0.137629,0.000000,-0.122186,-0.043599,0.000000,0.000000,0.000000,0.000000,0.000000,0.000000,0.000000,1,1,0.180000,0.200000,-0.180000,0,0,-0.300000,0.050000,3
3.424000,-0.116980,-0.037045,-0.180000,0.390538,0.435979,0.000000,-0.116980,-0.037045,0.000000,0.000000,28.497164,0.000000,0.000000,0.000000,0.000000,1,1,0.180000,0.200000,-0.180000,0,0,-0.300000,0.050000,3
3.444000,-0.107752,-0.029589,-0.180000,0.438205,0.379084,0.000000,-0.107752,-0.029589,0.000000,-11.057777,5.947353,0.000000,0.000000,0.000000,0.000000,1,1,0.180000,0.200000,-0.180000,0,0,-0.300000,0.050000,3
3.464000,-0.098931,-0.022579,-0.180000,0.400659,0.309808,0.000000,-0.098931,-0.022579,0.000000,-22.810784,-27.803807,0.000000,0.000000,0.000000,0.000000,1,1,0.180000,0.200000,-0.180000,0,0,-0.300000,0.050000,3
3.484000,-0.090298,-0.015704,-0.180000,0.453355,0.364773,0.000000,-0.090298,-0.015704,0.000000,10.539708,9.907249,0.000000,0.000000,0.000000,0.000000,1,1,0.180000,0.200000,-0.180000,0,0,-0.300000,0.050000,3
3.504000,-0.082575,-0.009598,-0.180000,0.371750,0.309414,0.000000,-0.082575,-0.009598,0.000000,-24.188150,-12.955493,0.000000,0.000000,0.000000,0.000000,1,1,0.180000,0.200000,-0.180000,0,0,-0.300000,0.050000,3
3.524000,-0.073895,-0.003203,-0.180000,0.431023,0.281654,0.000000,-0.073895,-0.003203,0.000000,12.496585,-26.095475,0.000000,0.000000,0.000000,0.000000,1,1,0.180000,0.200000,-0.180000,0,0,-0.300000,0.050000,3
3.544000,-0.066135,0.002505,-0.180000,0.347941,0.296093,0.000000,-0.066135,0.002505,0.000000,-22.941360,-9.927664,0.000000,0.000000,0.000000,0.000000,1,1,0.180000,0.200000,-0.180000,0,0,-0.300000,0.050000,3
3.564000,-0.058526,0.008490,-0.180000,0.402136,0.258247,0.000000,-0.058526,0.008490,0.000000,10.338581,-24.105261,0.000000,0.000000,0.000000,0.000000,1,1,0.180000,0.200000,-0.180000,0,0,-0.300000,0.050000,3
3.584000,-0.051803,0.014942,-0.180000,0.320925,0.314289,0.000000,-0.051803,0.014942,0.000000,-24.992774,9.172357,0.000000,0.000000,0.000000,0.000000,1,1,0.180000,0.200000,-0.180000,0,0,-0.300000,0.050000,3
3.604000,-0.044635,0.020381,-0.180000,0.330072,0.334011,0.000000,-0.044635,0.020381,0.000000,-14.656711,28.109912,0.000000,0.000000,0.000000,0.000000,1,1,0.180000,0.200000,-0.180000,0,0,-0.300000,0.050000,3
3.624000,-0.037956,0.025536,-0.180000,0.395523,0.254350,0.000000,-0.037956,0.025536,0.000000,28.226108,-12.387397,0.000000,0.000000,0.000000,0.000000,1,1,0.180000,0.200000,-0.180000,0,0,-0.300000,0.050000,3
3.644000,-0.031602,0.030825,-0.180000,0.313800,0.225737,0.000000,-0.031602,0.030825,0.000000,-12.363596,-26.992298,0.000000,0.000000,0.000000,0.000000,1,1,0.180000,0.200000,-0.180000,0,0,-0.300000,0.050000,3
3.664000,-0.025153,0.036025,-0.180000,0.282649,0.285155,0.000000,-0.025153,0.036025,0.000000,-27.374043,11.472909,0.000000,0.000000,0.000000,0.000000,1,1,0.180000,0.200000,-0.180000,0,0,-0.300000,0.050000,3
3.684000,-0.018826,0.041830,-0.180000,0.339379,0.278568,0.000000,-0.018826,0.041830,0.000000,10.710922,12.825911,0.000000,0.000000,0.000000,0.000000,1,1,0.180000,0.200000,-0.180000,0,0,-0.300000,0.050000,3
3.704000,-0.013344,0.046592,-0.180000,0.260055,0.199322,0.000000,-0.013344,0.046592,0.000000,-24.669829,-23.093210,0.000000,0.000000,0.000000,0.000000,1,1,0.180000,0.200000,-0.180000,0,0,-0.300000,0.050000,3
3.724000,-0.007381,0.051304,-0.180000,0.269750,0.258244,0.000000,-0.007381,0.051304,0.000000,-15.025717,10.232813,0.000000,0.000000,0.000000,0.000000,1,1,0.180000,0.200000,-0.180000,0,0,-0.300000,0.050000,3
3.744000,-0.001879,0.055589,-0.180000,0.335738,0.274659,0.000000,-0.001879,0.055589,0.000000,26.973254,24.892404,0.000000,0.000000,0.000000,0.000000,1,1,0.180000,0.200000,-0.180000,0,0,-0.300000,0.050000,3
3.764000,0.003898,0.060199,-0.180000,0.257084,0.196748,0.000000,0.003898,0.060199,0.000000,-12.330686,-13.469978,0.000000,0.000000,0.000000,0.000000,1,1,0.180000,0.200000,-0.180000,0,0,-0.300000,0.050000,3
3.784000,0.009237,0.064775,-0.180000,0.228052,0.264903,0.000000,0.009237,0.064775,0.000000,-27.127694,24.377487,0.000000,0.000000,0.000000,0.000000,1,1,0.180000,0.200000,-0.180000,0,0,-0.300000,0.050000,3
3.804000,0.014487,0.068538,-0.180000,0.287128,0.190036,0.000000,0.014487,0.068538,0.000000,11.228874,-10.147358,0.000000,0.000000,0.000000,0.000000,1,1,0.180000,0.200000,-0.180000,0,0,-0.300000,0.050000,3
3.824000,0.018931,0.072464,-0.180000,0.209846,0.157739,0.000000,0.018931,0.072464,0.000000,-23.961112,-23.194841,0.000000,0.000000,0.000000,0.000000,1,1,0.180000,0.200000,-0.180000,0,0,-0.300000,0.050000,3
3.844000,0.024430,0.076367,-0.180000,0.268024,0.217844,0.000000,0.024430,0.076367,0.000000,9.624223,10.077081,0.000000,0.000000,0.000000,0.000000,1,1,0.180000,0.200000,-0.180000,0,0,-0.300000,0.050000,3
3.864000,0.028941,0.079873,-0.180000,0.287311,0.236861,0.000000,0.028941,0.079873,0.000000,27.496658,26.910291,0.000000,0.000000,0.000000,0.000000,1,1,0.180000,0.200000,-0.180000,0,0,-0.300000,0.050000,3
3.884000,0.033205,0.083720,-0.180000,0.208194,0.161466,0.000000,0.033205,0.083720,0.000000,-13.339930,-12.297494,0.000000,0.000000,0.000000,0.000000,1,1,0.180000,0.200000,-0.180000,0,0,-0.300000,0.050000,3
3.904000,0.038003,0.087190,-0.180000,0.276412,0.136127,0.000000,0.038003,0.087190,0.000000,24.716828,-26.665140,0.000000,0.000000,0.000000,0.000000,1,1,0.180000,0.200000,-0.180000,0,0,-0.300000,0.050000,3
3.924000,0.041976,0.090624,-0.180000,0.201909,0.199246,0.000000,0.041976,0.090624,0.000000,-9.456849,12.185862,0.000000,0.000000,0.000000,0.000000,1,1,0.180000,0.200000,-0.180000,0,0,-0.300000,0.050000,3
3.944000,0.046097,0.093845,-0.180000,0.165375,0.120156,0.000000,0.046097,0.093845,0.000000,-24.472180,-24.891421,0.000000,0.000000,0.000000,0.000000,1,1,0.180000,0.200000,-0.180000,0,0,-0.300000,0.050000,3
3.964000,0.050779,0.097083,-0.180000,0.267398,0.136358,0.000000,0.050779,0.097083,0.000000,30.444615,-14.169484,0.000000,0.000000,0.000000,0.000000,1,1,0.180000,0.200000,-0.180000,0,0,-0.300000,0.050000,3
3.984000,0.054846,0.099954,-0.180000,0.206291,0.207317,0.000000,0.054846,0.099954,0.000000,3.063268,28.459529,0.000000,0.000000,0.000000,0.000000,1,1,0.180000,0.200000,-0.180000,0,0,-0.300000,0.050000,3
4.004000,0.058545,0.102620,-0.180000,0.138186,0.133049,0.000000,0.058545,0.102620,0.000000,-33.746050,-11.388225,0.000000,0.000000,0.000000,0.000000,1,1,0.180000,0.200000,-0.180000,0,0,-0.300000,0.050000,3
4.024000,0.062294,0.106035,-0.180000,0.171285,0.105868,0.000000,0.062294,0.106035,0.000000,-8.517205,-26.734831,0.000000,0.000000,0.000000,0.000000,1,1,0.180000,0.200000,-0.180000,0,0,-0.300000,0.050000,3
4.044000,0.065994,0.108881,-0.180000,0.187633,0.169886,0.000000,0.065994,0.108881,0.000000,2.648179,12.106404,0.000000,0.000000,0.000000,0.000000,1,1,0.180000,0.200000,-0.180000,0,0,-0.300000,0.050000,3
4.064000,0.069832,0.111527,-0.180000,0.232569,0.091211,0.000000,0.069832,0.111527,0.000000,33.912883,-25.223399,0.000000,0.000000,0.000000,0.000000,1,1,0.180000,0.200000,-0.180000,0,0,-0.300000,0.050000,3
4.084000,0.073324,0.114216,-0.180000,0.184667,0.110316,0.000000,0.073324,0.114216,0.000000,7.040645,-13.486363,0.000000,0.000000,0.000000,0.000000,1,1,0.180000,0.200000,-0.180000,0,0,-0.300000,0.050000,3
4.104000,0.076492,0.117097,-0.180000,0.120970,0.180185,0.000000,0.076492,0.117097,0.000000,-26.832074,23.861084,0.000000,0.000000,0.000000,0.000000,1,1,0.180000,0.200000,-0.180000,0,0,-0.300000,0.050000,3
4.124000,0.079637,0.119226,-0.180000,0.184283,0.107264,0.000000,0.079637,0.119226,0.000000,11.911411,-10.998227,0.000000,0.000000,0.000000,0.000000,1,1,0.180000,0.200000,-0.180000,0,0,-0.300000,0.050000,3
4.144000,0.082570,0.122116,-0.180000,0.104874,0.079092,0.000000,0.082570,0.122116,0.000000,-25.556320,-27.368846,0.000000,0.000000,0.000000,0.000000,1,1,0.180000,0.200000,-0.180000,0,0,-0.300000,0.050000,3
4.164000,0.085542,0.124464,-0.180000,0.125273,0.142792,0.000000,0.085542,0.124464,0.000000,-12.943011,11.018865,0.000000,0.000000,0.000000,0.000000,1,1,0.180000,0.200000,-0.180000,0,0,-0.300000,0.050000,3
4.184000,0.088681,0.126082,-0.180000,0.190243,0.067432,0.000000,0.088681,0.126082,0.000000,22.154689,-25.473904,0.000000,0.000000,0.000000,0.000000,1,1,0.180000,0.200000,-0.180000,0,0,-0.300000,0.050000,3
4.204000,0.091630,0.128318,-0.180000,0.115810,0.088801,0.000000,0.091630,0.128318,0.000000,-12.806107,-12.964460,0.000000,0.000000,0.000000,0.000000,1,1,0.180000,0.200000,-0.180000,0,0,-0.300000,0.050000,3
4.224000,0.094354,0.130765,-0.180000,0.124844,0.160289,0.000000,0.094354,0.130765,0.000000,-6.090853,24.847000,0.000000,0.000000,0.000000,0.000000,1,1,0.180000,0.200000,-0.180000,0,0,-0.300000,0.050000,3
4.244000,0.096787,0.132980,-0.180000,0.068627,0.171047,0.000000,0.096787,0.132980,0.000000,-36.000000,36.000000,0.000000,0.000000,0.000000,0.000000,1,1,0.180000,0.200000,-0.180000,0,0,-0.300000,0.050000,3
4.264000,0.099381,0.135086,-0.180000,0.127264,0.105028,0.000000,0.099381,0.135086,0.000000,-0.844965,0.600927,0.000000,0.000000,0.000000,0.000000,1,1,0.180000,0.200000,-0.180000,0,0,-0.300000,0.050000,3
4.284000,0.102161,0.136866,-0.180000,0.189714,0.036850,0.000000,0.102161,0.136866,0.000000,36.000000,-36.000000,0.000000,0.000000,0.000000,0.000000,1,1,0.180000,0.200000,-0.180000,0,0,-0.300000,0.050000,3
4.304000,0.104603,0.138831,-0.180000,0.120646,0.095764,0.000000,0.104603,0.138831,0.000000,0.024651,-1.040806,0.000000,0.000000,0.000000,0.000000,1,1,0.180000,0.200000,-0.180000,0,0,-0.300000,0.050000,3
4.324000,0.106713,0.140999,-0.180000,0.052482,0.158857,0.000000,0.106713,0.140999,0.000000,-36.000000,36.000000,0.000000,0.000000,0.000000,0.000000,1,1,0.180000,0.200000,-0.180000,0,0,-0.300000,0.050000,3
4.344000,0.108998,0.142851,-0.180000,0.112465,0.091563,0.000000,0.108998,0.142851,0.000000,-0.552842,0.077244,0.000000,0.000000,0.000000,0.000000,1,1,0.180000,0.200000,-0.180000,0,0,-0.300000,0.050000,3
4.364000,0.111478,0.144389,-0.180000,0.174413,0.023998,0.000000,0.111478,0.144389,0.000000,36.000000,-36.000000,0.000000,0.000000,0.000000,0.000000,1,1,0.180000,0.200000,-0.180000,0,0,-0.300000,0.050000,3
4.384000,0.113631,0.146123,-0.180000,0.106598,0.085342,0.000000,0.113631,0.146123,0.000000,0.000000,-0.418110,0.000000,0.000000,0.000000,0.000000,1,1,0.180000,0.200000,-0.180000,0,0,-0.300000,0.050000,3
4.404000,0.115452,0.148068,-0.180000,0.038011,0.148115,0.000000,0.115452,0.148068,0.000000,-36.000000,36.000000,0.000000,0.000000,0.000000,0.000000,1,1,0.180000,0.200000,-0.180000,0,0,-0.300000,0.050000,3
4.424000,0.117470,0.149701,-0.180000,0.098513,0.080985,0.000000,0.117470,0.149701,0.000000,-0.753670,0.000000,0.000000,0.000000,0.000000,0.000000,1,1,0.180000,0.200000,-0.180000,0,0,-0.300000,0.050000,3
4.444000,0.119684,0.151020,-0.180000,0.161825,0.013037,0.000000,0.119684,0.151020,0.000000,36.000000,-36.000000,0.000000,0.000000,0.000000,0.000000,1,1,0.180000,0.200000,-0.180000,0,0,-0.300000,0.050000,3
4.464000,0.121577,0.152551,-0.180000,0.093489,0.074724,0.000000,0.121577,0.152551,0.000000,0.000000,-0.586659,0.000000,0.000000,0.000000,0.000000,1,1,0.180000,0.200000,-0.180000,0,0,-0.300000,0.050000,3
4.484000,0.123156,0.154294,-0.180000,0.026112,0.138751,0.000000,0.123156,0.154294,0.000000,-36.000000,36.000000,0.000000,0.000000,0.000000,0.000000,1,1,0.180000,0.200000,-0.180000,0,0,-0.300000,0.050000,3
4.504000,0.124927,0.155730,-0.180000,0.087281,0.070941,0.000000,0.124927,0.155730,0.000000,-0.404741,0.066297,0.000000,0.000000,0.000000,0.000000,1,1,0.180000,0.200000,-0.180000,0,0,-0.300000,0.050000,3
4.524000,0.126910,0.156865,-0.180000,0.149894,0.004012,0.000000,0.126910,0.156865,0.000000,36.000000,-36.000000,0.000000,0.000000,0.000000,0.000000,1,1,0.180000,0.200000,-0.180000,0,0,-0.300000,0.050000,3
4.544000,0.128580,0.158209,-0.180000,0.082793,0.066319,0.000000,0.128580,0.158209,0.000000,0.000000,-0.263527,0.000000,0.000000,0.000000,0.000000,1,1,0.180000,0.200000,-0.180000,0,0,-0.300000,0.050000,3
4.564000,0.129933,0.159776,-0.180000,0.014810,0.129408,0.000000,0.129933,0.159776,0.000000,-36.000000,36.000000,0.000000,0.000000,0.000000,0.000000,1,1,0.180000,0.200000,-0.180000,0,0,-0.300000,0.050000,3
4.584000,0.131498,0.161044,-0.180000,0.076430,0.062882,0.000000,0.131498,0.161044,0.000000,-0.575974,0.000000,0.000000,0.000000,0.000000,0.000000,1,1,0.180000,0.200000,-0.180000,0,0,-0.300000,0.050000,3
4.604000,0.133274,-0.244691,-0.180000,0.140353,-1.679105,0.000000,0.133274,-0.244691,0.000000,36.000000,0.000000,0.000000,0.000000,0.000000,6.153521,1,0,0.180000,0.200000,-0.180000,0,1,-0.300000,0.050000,4
4.624000,0.134743,-0.287978,-0.180000,0.072496,-2.487273,0.000000,0.134743,-0.287978,0.000000,0.053648,0.000000,0.000000,0.000000,0.000000,0.000000,1,0,0.180000,0.200000,-0.180000,0,0,-0.300000,0.050000,4
4.644000,0.135908,-0.269802,-0.180000,0.005577,-0.916173,0.000000,0.135908,-0.269802,0.000000,-36.000000,0.000000,0.000000,0.000000,0.000000,0.000000,1,0,0.180000,0.200000,-0.180000,0,0,-0.300000,0.050000,4
4.664000,0.137282,-0.297875,-0.180000,0.067827,-1.728148,0.000000,0.137282,-0.297875,0.000000,-0.250793,0.000000,0.000000,0.000000,0.000000,0.000000,1,0,0.180000,0.200000,-0.180000,0,0,-0.300000,0.050000,4
4.684000,0.138878,-0.288574,-0.180000,0.130782,-0.889244,0.000000,0.138878,-0.288574,0.000000,36.000000,0.000000,0.000000,0.000000,0.000000,0.000000,1,0,0.180000,0.200000,-0.180000,0,0,-0.300000,0.050000,4
4.704000,0.140173,-0.290466,-0.180000,0.064190,-0.463873,0.000000,0.140173,-0.290466,0.000000,0.000000,0.000000,0.000000,0.000000,0.000000,0.000000,1,0,0.180000,0.200000,-0.180000,0,0,-0.300000,0.050000,4
4.724000,0.141164,-0.283787,-0.180000,-0.003322,-0.355363,0.000000,0.141164,-0.283787,0.000000,-36.000000,0.000000,0.000000,-1.777821,0.000000,1.777821,1,0,0.180000,0.200000,-0.180000,0,-1,-0.300000,0.050000,4
4.744000,0.142379,-0.300678,-0.180000,0.059093,-1.170137,0.000000,0.142379,-0.300678,0.000000,-0.542282,0.000000,0.000000,0.000000,0.000000,0.000000,1,0,0.180000,0.200000,-0.180000,0,0,-0.300000,0.050000,4
4.764000,0.143814,-0.296248,-0.180000,0.123526,-0.395090,0.000000,0.143814,-0.296248,0.000000,36.000000,0.000000,0.000000,0.000000,0.000000,0.000000,1,0,0.180000,0.200000,-0.180000,0,0,-0.300000,0.050000,4
4.784000,0.144953,-0.299168,-0.180000,0.056083,-0.549762,0.000000,0.144953,-0.299168,0.000000,0.000000,0.000000,0.000000,0.000000,0.000000,0.000000,1,0,0.180000,0.200000,-0.180000,0,0,-0.300000,0.050000,4
4.804000,0.145800,-0.299863,-0.180000,-0.010189,-0.741144,0.000000,0.145800,-0.299863,0.000000,-36.000000,0.000000,0.000000,0.000000,0.000000,0.000000,1,0,0.180000,0.200000,-0.180000,0,0,-0.300000,0.050000,4
4.824000,0.146864,-0.295040,-0.180000,0.052581,-0.804416,0.000000,0.146864,-0.295040,0.000000,-0.210710,0.000000,0.000000,0.000000,0.000000,0.000000,1,0,0.180000,0.200000,-0.180000,0,0,-0.300000,0.050000,4
4.844000,0.148161,-0.291998,-0.180000,0.116154,-0.639227,0.000000,0.148161,-0.291998,0.000000,36.000000,0.000000,0.000000,0.000000,0.000000,0.000000,1,0,0.180000,0.200000,-0.180000,0,0,-0.300000,0.050000,4
4.864000,0.149166,-0.288895,-0.180000,0.049923,-0.482564,0.000000,0.149166,-0.288895,0.000000,0.000000,0.000000,0.000000,0.000000,0.000000,0.000000,1,0,0.180000,0.200000,-0.180000,0,0,-0.300000,0.050000,4
4.884000,0.149874,-0.288658,-0.180000,-0.017270,-0.300003,0.000000,0.149874,-0.288658,0.000000,-36.000000,0.000000,0.000000,-1.264478,0.000000,1.264478,1,0,0.180000,0.200000,-0.180000,0,-1,-0.300000,0.050000,4
4.904000,0.150817,-0.304445,-0.180000,0.045821,-1.115053,0.000000,0.150817,-0.304445,0.000000,-0.429536,0.000000,0.000000,0.000000,0.000000,0.000000,1,0,0.180000,0.200000,-0.180000,0,0,-0.300000,0.050000,4
4.924000,0.151989,-0.295884,-0.180000,0.110672,-1.009084,0.000000,0.151989,-0.295884,0.000000,36.000000,0.000000,0.000000,0.000000,0.000000,0.000000,1,0,0.180000,0.200000,-0.180000,0,0,-0.300000,0.050000,4
4.944000,0.152872,-0.293236,-0.180000,0.043548,-0.247963,0.000000,0.152872,-0.293236,0.000000,0.078866,0.000000,0.000000,-0.781934,0.000000,0.781934,1,0,0.180000,0.200000,-0.180000,0,-1,-0.300000,0.050000,4
4.964000,0.153470,-0.300056,-0.180000,-0.022656,-0.170445,0.000000,0.153470,-0.300056,0.000000,-36.000000,0.000000,0.000000,-0.063132,0.000000,0.063132,1,0,0.180000,0.200000,-0.180000,0,-1,-0.300000,0.050000,4
4.984000,0.154295,-0.300688,-0.180000,0.040901,-0.342271,0.000000,0.154295,-0.300688,0.000000,-0.107257,0.000000,0.000000,0.000000,0.000000,0.000000,1,0,0.180000,0.200000,-0.180000,0,0,-0.300000,0.050000,4
5.004000,0.155360,-0.296376,-0.180000,0.104631,-0.393574,0.000000,0.155360,-0.296376,0.000000,36.000000,0.000000,0.000000,0.000000,0.000000,0.000000,1,0,0.180000,0.200000,-0.180000,0,0,-0.300000,0.050000,4
5.024000,0.156140,-0.298767,-0.180000,0.038818,-0.554766,0.000000,0.156140,-0.298767,0.000000,0.000000,0.000000,0.000000,0.000000,0.000000,0.000000,1,0,0.180000,0.200000,-0.180000,0,0,-0.300000,0.050000,4
5.044000,0.156630,-0.301123,-0.180000,-0.028093,-0.724619,0.000000,0.156630,-0.301123,0.000000,-36.000000,0.000000,0.000000,0.000000,0.000000,0.000000,1,0,0.180000,0.200000,-0.180000,0,0,-0.300000,0.050000,4
5.064000,0.157361,-0.298436,-0.180000,0.035520,-0.188849,0.000000,0.157361,-0.298436,0.000000,-0.345860,0.000000,0.000000,-0.233790,0.000000,0.233790,1,0,0.180000,0.200000,-0.180000,0,-1,-0.300000,0.050000,4
5.084000,0.158329,-0.297288,-0.180000,0.100570,-0.573229,0.000000,0.158329,-0.297288,0.000000,36.000000,0.000000,0.000000,0.000000,0.000000,0.000000,1,0,0.180000,0.200000,-0.180000,0,0,-0.300000,0.050000,4
5.104000,0.159013,-0.297898,-0.180000,0.033672,-0.375463,0.000000,0.159013,-0.297898,0.000000,0.052388,0.000000,0.000000,0.000000,0.000000,0.000000,1,0,0.180000,0.200000,-0.180000,0,0,-0.300000,0.050000,4
5.124000,0.159420,-0.299452,-0.180000,-0.032135,-0.177301,0.000000,0.159420,-0.299452,0.000000,-36.000000,0.000000,0.000000,-0.126707,0.000000,0.126707,1,0,0.180000,0.200000,-0.180000,0,-1,-0.300000,0.050000,4
5.144000,0.160058,-0.296492,-0.180000,0.031888,-0.210954,0.000000,0.160058,-0.296492,0.000000,0.000000,0.000000,0.000000,-0.438761,0.000000,0.438761,1,0,0.180000,0.200000,-0.180000,0,-1,-0.300000,0.050000,4
5.164000,0.160943,-0.299899,-0.180000,0.095639,-0.172226,0.000000,0.160943,-0.299899,0.000000,36.000000,0.000000,0.000000,-0.079649,0.000000,0.079649,1,0,0.180000,0.200000,-0.180000,0,-1,-0.300000,0.050000,4
5.184000,0.161548,-0.302435,-0.180000,0.030028,-0.707401,0.000000,0.161548,-0.302435,0.000000,0.000000,0.000000,0.000000,0.000000,0.000000,0.000000,1,0,0.180000,0.200000,-0.180000,0,0,-0.300000,0.050000,4
5.204000,0.161869,-0.302179,-0.180000,-0.036569,-0.922025,0.000000,0.161869,-0.302179,0.000000,-36.000000,0.000000,0.000000,0.000000,0.000000,0.000000,1,0,0.180000,0.200000,-0.180000,0,0,-0.300000,0.050000,4
5.224000,0.162437,-0.302982,-0.180000,0.027408,-0.910917,0.000000,0.162437,-0.302982,0.000000,-0.342717,0.000000,0.000000,0.000000,0.000000,0.000000,1,0,0.180000,0.200000,-0.180000,0,0,-0.300000,0.050000,4
5.244000,0.163246,-0.300466,-0.180000,0.092737,-0.945707,0.000000,0.163246,-0.300466,0.000000,36.000000,0.000000,0.000000,0.000000,0.000000,0.000000,1,0,0.180000,0.200000,-0.180000,0,0,-0.300000,0.050000,4
5.264000,0.163776,-0.296773,-0.180000,0.026016,-0.207760,0.000000,0.163776,-0.296773,0.000000,0.033477,0.000000,0.000000,-0.409140,0.000000,0.409140,1,0,0.180000,0.200000,-0.180000,0,-1,-0.300000,0.050000,4
5.284000,0.164034,-0.298669,-0.180000,-0.039503,-0.186208,0.000000,0.164034,-0.298669,0.000000,-36.000000,0.000000,0.000000,-0.209299,0.000000,0.209299,1,0,0.180000,0.200000,-0.180000,0,-1,-0.300000,0.050000,4
5.304000,0.164528,-0.298685,-0.180000,0.024717,-0.186026,0.000000,0.164528,-0.298685,0.000000,0.000000,0.000000,0.000000,-0.207609,0.000000,0.207609,1,0,0.180000,0.200000,-0.180000,0,-1,-0.300000,0.050000,4
5.324000,0.165273,-0.297867,-0.180000,0.088889,-0.195326,0.000000,0.165273,-0.297867,0.000000,36.000000,0.000000,0.000000,-0.293848,0.000000,0.293848,1,0,0.180000,0.200000,-0.180000,0,-1,-0.300000,0.050000,4
5.344000,0.165741,-0.299090,-0.180000,0.023317,-0.550744,0.000000,0.165741,-0.299090,0.000000,0.000000,0.000000,0.000000,0.000000,0.000000,0.000000,1,0,0.180000,0.200000,-0.180000,0,0,-0.300000,0.050000,4
5.364000,0.165931,-0.300110,-0.180000,-0.043079,-0.737901,0.000000,0.165931,-0.300110,0.000000,-36.000000,0.000000,0.000000,0.000000,0.000000,0.000000,1,0,0.180000,0.200000,-0.180000,0,0,-0.300000,0.050000,4
5.384000,0.166372,-0.297905,-0.180000,0.021230,-0.375386,0.000000,0.166372,-0.297905,0.000000,-0.284577,0.000000,0.000000,0.000000,0.000000,0.000000,1,0,0.180000,0.200000,-0.180000,0,0,-0.300000,0.050000,4
5.404000,0.167056,-0.301520,-0.180000,0.086514,-0.279964,0.000000,0.167056,-0.301520,0.000000,36.000000,0.000000,0.000000,0.000000,0.000000,0.000000,1,1,0.180000,0.050000,-0.180000,0,0,-0.300000,0.050000,5
5.424000,0.167468,-0.303185,-0.180000,0.020204,0.047725,0.000000,0.167468,-0.303185,0.000000,0.000000,0.000000,0.000000,0.000000,0.000000,0.000000,1,1,0.180000,0.050000,-0.180000,0,0,-0.300000,0.050000,5
5.444000,0.167609,-0.298315,-0.180000,-0.045339,0.373779,0.000000,0.167609,-0.298315,0.000000,-36.000000,0.000000,0.000000,0.000000,0.000000,0.000000,1,1,0.180000,0.050000,-0.180000,0,0,-0.300000,0.050000,5
5.464000,0.167992,-0.287674,-0.180000,0.019134,0.555377,0.000000,0.167992,-0.287674,0.000000,0.000000,7.658032,0.000000,0.000000,0.000000,0.000000,1,1,0.180000,0.050000,-0.180000,0,0,-0.300000,0.050000,5
5.484000,0.168628,-0.277445,-0.180000,0.083688,0.572814,0.000000,0.168628,-0.277445,0.000000,36.000000,29.528077,0.000000,0.000000,0.000000,0.000000,1,1,0.180000,0.050000,-0.180000,0,0,-0.300000,0.050000,5
5.504000,0.168993,-0.267673,-0.180000,0.018143,0.487028,0.000000,0.168993,-0.267673,0.000000,0.000000,-10.573807,0.000000,0.000000,0.000000,0.000000,1,1,0.180000,0.050000,-0.180000,0,0,-0.300000,0.050000,5
5.524000,0.169080,-0.257924,-0.180000,-0.048164,0.444848,0.000000,0.169080,-0.257924,0.000000,-36.000000,-23.905640,0.000000,0.000000,0.000000,0.000000,1,1,0.180000,0.050000,-0.180000,0,0,-0.300000,0.050000,5
5.544000,0.169422,-0.248374,-0.180000,0.016573,0.493477,0.000000,0.169422,-0.248374,0.000000,-0.173794,8.139808,0.000000,0.000000,0.000000,0.000000,1,1,0.180000,0.050000,-0.180000,0,0,-0.300000,0.050000,5
5.564000,0.170013,-0.239380,-0.180000,0.081859,0.510997,0.000000,0.170013,-0.239380,0.000000,36.000000,28.967311,0.000000,0.000000,0.000000,0.000000,1,1,0.180000,0.050000,-0.180000,0,0,-0.300000,0.050000,5
5.584000,0.170332,-0.230796,-0.180000,0.015574,0.426420,0.000000,0.170332,-0.230796,0.000000,0.000000,-11.387947,0.000000,0.000000,0.000000,0.000000,1,1,0.180000,0.050000,-0.180000,0,0,-0.300000,0.050000,5
5.604000,0.170381,-0.222188,-0.180000,-0.049893,0.391150,0.000000,0.170381,-0.222188,0.000000,-36.000000,-22.169921,0.000000,0.000000,0.000000,0.000000,1,1,0.180000,0.050000,-0.180000,0,0,-0.300000,0.050000,5
5.624000,0.170680,-0.214317,-0.180000,0.014897,0.403991,0.000000,0.170680,-0.214317,0.000000,-0.005292,-9.418244,0.000000,0.000000,0.000000,0.000000,1,1,0.180000,0.050000,-0.180000,0,0,-0.300000,0.050000,5
5.644000,0.171232,-0.206251,-0.180000,0.079536,0.358947,0.000000,0.171232,-0.206251,0.000000,36.000000,-25.536149,0.000000,0.000000,0.000000,0.000000,1,1,0.180000,0.050000,-0.180000,0,0,-0.300000,0.050000,5
5.664000,0.171514,-0.198313,-0.180000,0.014011,0.369611,0.000000,0.171514,-0.198313,0.000000,0.000000,-13.822071,0.000000,0.000000,0.000000,0.000000,1,1,0.180000,0.050000,-0.180000,0,0,-0.300000,0.050000,5
5.684000,0.171524,-0.190360,-0.180000,-0.051962,0.428161,0.000000,0.171524,-0.190360,0.000000,-36.000000,21.918457,0.000000,0.000000,0.000000,0.000000,1,1,0.180000,0.050000,-0.180000,0,0,-0.300000,0.050000,5
5.704000,0.171789,-0.182749,-0.180000,0.012797,0.345041,0.000000,0.171789,-0.182749,0.000000,-0.168442,-13.659061,0.000000,0.000000,0.000000,0.000000,1,1,0.180000,0.050000,-0.180000,0,0,-0.300000,0.050000,5
5.724000,0.172306,-0.175445,-0.180000,0.078122,0.363479,0.000000,0.172306,-0.175445,0.000000,36.000000,1.445549,0.000000,0.000000,0.000000,0.000000,1,1,0.180000,0.050000,-0.180000,0,0,-0.300000,0.050000,5
5.744000,0.172553,-0.168620,-0.180000,0.012140,0.290143,0.000000,0.172553,-0.168620,0.000000,0.000000,-35.826915,0.000000,0.000000,0.000000,0.000000,1,1,0.180000,0.050000,-0.180000,0,0,-0.300000,0.050000,5
5.764000,0.172534,-0.161817,-0.180000,-0.053326,0.326923,0.000000,0.172534,-0.161817,0.000000,-36.000000,-5.955288,0.000000,0.000000,0.000000,0.000000,1,1,0.180000,0.050000,-0.180000,0,0,-0.300000,0.050000,5
5.784000,0.172764,-0.154984,-0.180000,0.011519,0.379832,0.000000,0.172764,-0.154984,0.000000,0.000000,31.268890,0.000000,0.000000,0.000000,0.000000,1,1,0.180000,0.050000,-0.180000,0,0,-0.300000,0.050000,5
5.804000,0.173252,-0.148506,-0.180000,0.076430,0.338343,0.000000,0.173252,-0.148506,0.000000,36.000000,10.447960,0.000000,0.000000,0.000000,0.000000,1,1,0.180000,0.050000,-0.180000,0,0,-0.300000,0.050000,5
5.824000,0.173471,-0.143037,-0.180000,0.010907,0.258440,0.000000,0.173471,-0.143037,0.000000,0.000000,-25.233710,0.000000,0.000000,0.000000,0.000000,1,1,0.180000,0.050000,-0.180000,0,0,-0.300000,0.050000,5
5.844000,0.173419,-0.137079,-0.180000,-0.055035,0.271265,0.000000,0.173419,-0.137079,0.000000,-36.000000,-14.023245,0.000000,0.000000,0.000000,0.000000,1,1,0.180000,0.050000,-0.180000,0,0,-0.300000,0.050000,5
5.864000,0.173625,-0.131927,-0.180000,0.009989,0.251652,0.000000,0.173625,-0.131927,0.000000,-0.104111,-19.726508,0.000000,0.000000,0.000000,0.000000,1,1,0.180000,0.050000,-0.180000,0,0,-0.300000,0.050000,5
5.884000,0.174085,-0.126915,-0.180000,0.075314,0.253235,0.000000,0.174085,-0.126915,0.000000,36.000000,-14.913046,0.000000,0.000000,0.000000,0.000000,1,1,0.180000,0.050000,-0.180000,0,0,-0.300000,0.050000,5
5.904000,0.174277,-0.121739,-0.180000,0.009362,0.319853,0.000000,0.174277,-0.121739,0.000000,0.000000,27.174224,0.000000,0.000000,0.000000,0.000000,1,1,0.180000,0.050000,-0.180000,0,0,-0.300000,0.050000,5
5.924000,0.174203,-0.116284,-0.180000,-0.056074,0.321382,0.000000,0.174203,-0.116284,0.000000,-36.000000,33.345502,0.000000,0.000000,0.000000,0.000000,1,1,0.180000,0.050000,-0.180000,0,0,-0.300000,0.050000,5
5.944000,0.174382,-0.111033,-0.180000,0.008982,0.272689,0.000000,0.174382,-0.111033,0.000000,-0.002050,7.581916,0.000000,0.000000,0.000000,0.000000,1,1,0.180000,0.050000,-0.180000,0,0,-0.300000,0.050000,5
5.964000,0.174819,-0.106153,-0.180000,0.073914,0.207484,0.000000,0.174819,-0.106153,0.000000,36.000000,-25.442911,0.000000,0.000000,0.000000,0.000000,1,1,0.180000,0.050000,-0.180000,0,0,-0.300000,0.050000,5
5.984000,0.174988,-0.101925,-0.180000,0.008417,0.221213,0.000000,0.174988,-0.101925,0.000000,0.000000,-10.926445,0.000000,0.000000,0.000000,0.000000,1,1,0.180000,0.050000,-0.180000,0,0,-0.300000,0.050000,5
6.004000,0.174890,-0.096545,-0.180000,-0.057317,0.249382,0.000000,0.174890,-0.096545,0.000000,-36.000000,7.514532,0.000000,0.000000,0.000000,0.000000,1,1,0.180000,0.050000,-0.180000,0,0,-0.300000,0.050000,5
6.024000,0.175050,-0.092121,-0.180000,0.007720,0.184651,0.000000,0.175050,-0.092121,0.000000,-0.098763,-25.676706,0.000000,0.000000,0.000000,0.000000,1,1,0.180000,0.050000,-0.180000,0,0,-0.300000,0.050000,5
6.044000,0.175465,-0.088328,-0.180000,0.073071,0.200690,0.000000,0.175465,-0.088328,0.000000,36.000000,-10.311816,0.000000,0.000000,0.000000,0.000000,1,1,0.180000,0.050000,-0.180000,0,0,-0.300000,0.050000,5
6.064000,0.175614,-0.084186,-0.180000,0.007287,0.168848,0.000000,0.175614,-0.084186,0.000000,0.000000,-22.957056,0.000000,0.000000,0.000000,0.000000,1,1,0.180000,0.050000,-0.180000,0,0,-0.300000,0.050000,5
6.084000,0.175498,-0.080076,-0.180000,-0.058138,0.229130,0.000000,0.175498,-0.080076,0.000000,-36.000000,10.567914,0.000000,0.000000,0.000000,0.000000,1,1,0.180000,0.050000,-0.180000,0,0,-0.300000,0.050000,5
6.104000,0.175637,-0.076753,-0.180000,0.006942,0.151313,0.000000,0.175637,-0.076753,0.000000,0.000000,-25.788544,0.000000,0.000000,0.000000,0.000000,1,1,0.180000,0.050000,-0.180000,0,0,-0.300000,0.050000,5
6.124000,0.176034,-0.072862,-0.180000,0.072052,0.171217,0.000000,0.176034,-0.072862,0.000000,36.000000,-12.686524,0.000000,0.000000,0.000000,0.000000,1,1,0.180000,0.050000,-0.180000,0,0,-0.300000,0.050000,5
6.144000,0.176166,-0.069181,-0.180000,0.006546,0.147595,0.000000,0.176166,-0.069181,0.000000,0.000000,-25.895201,0.000000,0.000000,0.000000,0.000000,1,1,0.180000,0.050000,-0.180000,0,0,-0.300000,0.050000,5
6.164000,0.176031,-0.066102,-0.180000,-0.059163,0.166448,0.000000,0.176031,-0.066102,0.000000,-36.000000,-9.655727,0.000000,0.000000,0.000000,0.000000,1,1,0.180000,0.050000,-0.180000,0,0,-0.300000,0.050000,5
6.184000,0.176155,-0.062663,-0.180000,0.006016,0.132451,0.000000,0.176155,-0.062663,0.000000,-0.067158,-23.946392,0.000000,0.000000,0.000000,0.000000,1,1,0.180000,0.050000,-0.180000,0,0,-0.300000,0.050000,5
6.204000,0.176536,-0.058678,-0.180000,0.071375,0.193543,0.000000,0.176536,-0.058678,0.000000,36.000000,9.885917,0.000000,0.000000,0.000000,0.000000,1,1,0.180000,0.050000,-0.180000,0,0,-0.300000,0.050000,5
6.224000,0.176651,-0.055635,-0.180000,0.005622,0.214653,0.000000,0.176651,-0.055635,0.000000,0.000000,27.494553,0.000000,0.000000,0.000000,0.000000,1,1,0.180000,0.050000,-0.180000,0,0,-0.300000,0.050000,5
6.244000,0.176502,-0.052338,-0.180000,-0.059795,0.221328,0.000000,0.176502,-0.052338,0.000000,-36.000000,34.685581,0.000000,0.000000,0.000000,0.000000,1,1,0.180000,0.050000,-0.180000,0,0,-0.300000,0.050000,5
6.264000,0.176611,-0.049097,-0.180000,0.005419,0.170348,0.000000,0.176611,-0.049097,0.000000,-0.001066,5.939322,0.000000,0.000000,0.000000,0.000000,1,1,0.180000,0.050000,-0.180000,0,0,-0.300000,0.050000,5
6.284000,0.176978,-0.046180,-0.180000,0.070533,0.105901,0.000000,0.176978,-0.046180,0.000000,36.000000,-28.846602,0.000000,0.000000,0.000000,0.000000,1,1,0.180000,0.050000,-0.180000,0,0,-0.300000,0.050000,5
6.304000,0.177079,-0.042709,-0.180000,0.005053,0.167764,0.000000,0.177079,-0.042709,0.000000,0.000000,9.767469,0.000000,0.000000,0.000000,0.000000,1,1,0.180000,0.050000,-0.180000,0,0,-0.300000,0.050000,5
6.324000,0.176916,-0.040163,-0.180000,-0.060543,0.190638,0.000000,0.176916,-0.040163,0.000000,-36.000000,27.935940,0.000000,0.000000,0.000000,0.000000,1,1,0.180000,0.050000,-0.180000,0,0,-0.300000,0.050000,5
6.344000,0.177013,-0.037804,-0.180000,0.004661,0.115972,0.000000,0.177013,-0.037804,0.000000,-0.059056,-12.270486,0.000000,0.000000,0.000000,0.000000,1,1,0.180000,0.050000,-0.180000,0,0,-0.300000,0.050000,5
6.364000,0.177367,-0.035224,-0.180000,0.070027,0.092329,0.000000,0.177367,-0.035224,0.000000,36.000000,-26.468827,0.000000,0.000000,0.000000,0.000000,1,1,0.180000,0.050000,-0.180000,0,0,-0.300000,0.050000,5
6.384000,0.177456,-0.032653,-0.180000,0.004372,0.157328,0.000000,0.177456,-0.032653,0.000000,0.000000,12.599037,0.000000,0.000000,0.000000,0.000000,1,1,0.180000,0.050000,-0.180000,0,0,-0.300000,0.050000,5
6.404000,0.177282,-0.030264,-0.180000,-0.061039,0.080024,0.000000,0.177282,-0.030264,0.000000,-36.000000,-24.249587,0.000000,0.000000,0.000000,0.000000,1,1,0.180000,0.050000,-0.180000,0,0,-0.300000,0.050000,5
6.424000,0.177366,-0.027290,-0.180000,0.004193,0.142359,0.000000,0.177366,-0.027290,0.000000,0.000000,9.394339,0.000000,0.000000,0.000000,0.000000,1,1,0.180000,0.050000,-0.180000,0,0,-0.300000,0.050000,5
6.444000,0.177709,-0.025218,-0.180000,0.069411,0.168359,0.000000,0.177709,-0.025218,0.000000,36.000000,28.913269,0.000000,0.000000,0.000000,0.000000,1,1,0.180000,0.050000,-0.180000,0,0,-0.300000,0.050000,5
6.464000,0.177788,-0.023330,-0.180000,0.003929,0.096422,0.000000,0.177788,-0.023330,0.000000,0.000000,-10.464758,0.000000,0.000000,0.000000,0.000000,1,1,0.180000,0.050000,-0.180000,0,0,-0.300000,0.050000,5
6.484000,0.177603,-0.020682,-0.180000,-0.061657,0.065832,0.000000,0.177603,-0.020682,0.000000,-36.000000,-28.416961,0.000000,0.000000,0.000000,0.000000,1,1,0.180000,0.050000,-0.180000,0,0,-0.300000,0.050000,5
