time,x,y,vx,vy,translation,motor_impulse,limit_impulse,motor_speed,limit_state
0.002000,-0.149928,0.000000,0.035964,0.000000,-0.149928,18.000000,0.000000,0.800000,0
0.012000,-0.148492,0.000000,0.215245,0.000000,-0.148492,0.000000,0.000000,0.800000,0
0.022000,-0.145269,0.000000,0.393632,0.000000,-0.145269,0.000000,0.000000,0.800000,0
0.032000,-0.140267,0.000000,0.571128,0.000000,-0.140267,0.000000,0.000000,0.800000,0
0.042000,-0.133495,0.000000,0.747739,0.000000,-0.133495,0.000000,0.000000,0.800000,0
0.052000,-0.125535,0.000000,0.799200,0.000000,-0.125535,0.000000,0.000000,0.800000,0
0.062000,-0.117543,0.000000,0.799200,0.000000,-0.117543,0.000000,0.000000,0.800000,0
0.072000,-0.109551,0.000000,0.799200,0.000000,-0.109551,0.000000,0.000000,0.800000,0
0.082000,-0.101559,0.000000,0.799200,0.000000,-0.101559,0.000000,0.000000,0.800000,0
0.092000,-0.093567,0.000000,0.799200,0.000000,-0.093567,0.000000,0.000000,0.800000,0
0.102000,-0.085575,0.000000,0.799200,0.000000,-0.085575,0.000000,0.000000,0.800000,0
0.112000,-0.077583,0.000000,0.799200,0.000000,-0.077583,0.000000,0.000000,0.800000,0
0.122000,-0.069591,0.000000,0.799200,0.000000,-0.069591,0.000000,0.000000,0.800000,0
0.132000,-0.061599,0.000000,0.799200,0.000000,-0.061599,0.000000,0.000000,0.800000,0
0.142000,-0.053607,0.000000,0.799200,0.000000,-0.053607,0.000000,0.000000,0.800000,0
0.152000,-0.045615,0.000000,0.799200,0.000000,-0.045615,0.000000,0.000000,0.800000,0
0.162000,-0.037623,0.000000,0.799200,0.000000,-0.037623,0.000000,0.000000,0.800000,0
0.172000,-0.029631,0.000000,0.799200,0.000000,-0.029631,0.000000,0.000000,0.800000,0
0.182000,-0.021639,0.000000,0.799200,0.000000,-0.021639,0.000000,0.000000,0.800000,0
0.192000,-0.013647,0.000000,0.799200,0.000000,-0.013647,0.000000,0.000000,0.800000,0
0.202000,-0.005655,0.000000,0.799200,0.000000,-0.005655,0.000000,0.000000,0.800000,0
0.212000,0.002337,0.000000,0.799200,0.000000,0.002337,0.000000,0.000000,0.800000,0
0.222000,0.010329,0.000000,0.799200,0.000000,0.010329,0.000000,0.000000,0.800000,0
0.232000,0.018321,0.000000,0.799200,0.000000,0.018321,0.000000,0.000000,0.800000,0
0.242000,0.026313,0.000000,0.799200,0.000000,0.026313,0.000000,0.000000,0.800000,0
0.252000,0.034305,0.000000,0.799200,0.000000,0.034305,0.000000,0.000000,0.800000,0
0.262000,0.042297,0.000000,0.799200,0.000000,0.042297,0.000000,0.000000,0.800000,0
0.272000,0.050289,0.000000,0.799200,0.000000,0.050289,0.000000,0.000000,0.800000,0
0.282000,0.058281,0.000000,0.799200,0.000000,0.058281,0.000000,0.000000,0.800000,0
0.292000,0.066273,0.000000,0.799200,0.000000,0.066273,0.000000,0.000000,0.800000,0
0.302000,0.074265,0.000000,0.799200,0.000000,0.074265,0.000000,0.000000,0.800000,0
0.312000,0.082257,0.000000,0.799200,0.000000,0.082257,0.000000,0.000000,0.800000,0
0.322000,0.090249,0.000000,0.799200,0.000000,0.090249,0.000000,0.000000,0.800000,0
0.332000,0.098241,0.000000,0.799200,0.000000,0.098241,0.000000,0.000000,0.800000,0
0.342000,0.106233,0.000000,0.799200,0.000000,0.106233,0.000000,0.000000,0.800000,0
0.352000,0.114225,0.000000,0.799200,0.000000,0.114225,0.000000,0.000000,0.800000,0
0.362000,0.122217,0.000000,0.799200,0.000000,0.122217,0.000000,0.000000,0.800000,0
0.372000,0.130209,0.000000,0.799200,0.000000,0.130209,0.000000,0.000000,0.800000,0
0.382000,0.138201,0.000000,0.799200,0.000000,0.138201,0.000000,0.000000,0.800000,0
0.392000,0.146193,0.000000,0.799200,0.000000,0.146193,0.000000,0.000000,0.800000,0
0.402000,0.154185,0.000000,0.799200,0.000000,0.154185,0.000000,0.000000,0.800000,0
0.412000,0.162177,0.000000,0.799200,0.000000,0.162177,0.000000,0.000000,0.800000,0
0.422000,0.170169,0.000000,0.799200,0.000000,0.170169,0.000000,0.000000,0.800000,0
0.432000,0.178161,0.000000,0.799200,0.000000,0.178161,0.000000,0.000000,0.800000,0
0.442000,0.186153,0.000000,0.799200,0.000000,0.186153,0.000000,0.000000,0.800000,0
0.452000,0.194145,0.000000,0.799200,0.000000,0.194145,0.000000,0.000000,0.800000,0
0.462000,0.202137,0.000000,0.799200,0.000000,0.202137,0.000000,0.000000,0.800000,0
0.472000,0.210129,0.000000,0.799200,0.000000,0.210129,0.000000,0.000000,0.800000,0
0.482000,0.218121,0.000000,0.799200,0.000000,0.218121,0.000000,0.000000,0.800000,0
0.492000,0.226113,0.000000,0.799200,0.000000,0.226113,0.000000,0.000000,0.800000,0
0.502000,0.234105,0.000000,0.799200,0.000000,0.234105,0.000000,0.000000,0.800000,0
0.512000,0.242097,0.000000,0.799200,0.000000,0.242097,0.000000,0.000000,0.800000,0
0.522000,0.250089,0.000000,0.799200,0.000000,0.250089,0.000000,0.000000,0.800000,0
0.532000,0.258081,0.000000,0.799200,0.000000,0.258081,0.000000,0.000000,0.800000,0
0.542000,0.266073,0.000000,0.799200,0.000000,0.266073,0.000000,0.000000,0.800000,0
0.552000,0.274065,0.000000,0.799200,0.000000,0.274065,0.000000,0.000000,0.800000,0
0.562000,0.282057,0.000000,0.799200,0.000000,0.282057,0.000000,0.000000,0.800000,0
0.572000,0.290049,0.000000,0.799200,0.000000,0.290049,0.000000,0.000000,0.800000,0
0.582000,0.298041,0.000000,0.799200,0.000000,0.298041,0.000000,0.000000,0.800000,0
0.592000,0.306033,0.000000,0.799200,0.000000,0.306033,0.000000,0.000000,0.800000,0
0.602000,0.314025,0.000000,0.799200,0.000000,0.314025,0.000000,0.000000,0.800000,0
0.612000,0.322017,0.000000,0.799200,0.000000,0.322017,0.000000,0.000000,0.800000,0
0.622000,0.330009,0.000000,0.799200,0.000000,0.330009,0.000000,0.000000,0.800000,0
0.632000,0.338001,0.000000,0.799200,0.000000,0.338001,0.000000,0.000000,0.800000,0
0.642000,0.345993,0.000000,0.799200,0.000000,0.345993,0.000000,0.000000,0.800000,0
0.652000,0.353985,0.000000,0.799200,0.000000,0.353985,0.000000,0.000000,0.800000,0
0.662000,0.361977,0.000000,0.799200,0.000000,0.361977,0.000000,0.000000,0.800000,0
0.672000,0.369969,0.000000,0.799200,0.000000,0.369969,0.000000,0.000000,0.800000,0
0.682000,0.377961,0.000000,0.799200,0.000000,0.377961,0.000000,0.000000,0.800000,0
0.692000,0.385953,0.000000,0.799200,0.000000,0.385953,0.000000,0.000000,0.800000,0
0.702000,0.393945,0.000000,0.799200,0.000000,0.393945,0.000000,0.000000,0.800000,0
0.712000,0.401937,0.000000,0.799200,0.000000,0.401937,0.000000,0.000000,0.800000,0
0.722000,0.409929,0.000000,0.799200,0.000000,0.409929,0.000000,0.000000,0.800000,0
0.732000,0.417921,0.000000,0.799200,0.000000,0.417921,0.000000,0.000000,0.800000,0
0.742000,0.425913,0.000000,0.799200,0.000000,0.425913,0.000000,0.000000,0.800000,0
0.752000,0.433905,0.000000,0.799200,0.000000,0.433905,0.000000,0.000000,0.800000,0
0.762000,0.441897,0.000000,0.799200,0.000000,0.441897,0.000000,0.000000,0.800000,0
0.772000,0.449889,0.000000,0.799200,0.000000,0.449889,0.000000,0.000000,0.800000,0
0.782000,0.450012,0.000000,0.005998,0.000000,0.450012,0.000000,16.368790,0.800000,1
0.792000,0.450000,0.000000,0.000015,0.000000,0.450000,0.000000,0.039578,0.800000,1
0.802000,0.450000,0.000000,0.000000,0.000000,0.450000,0.000000,0.000096,0.800000,1
0.812000,0.450000,0.000000,0.000000,0.000000,0.450000,0.000000,0.000000,0.800000,1
0.822000,0.450000,0.000000,0.000000,0.000000,0.450000,0.000000,0.000000,0.800000,1
0.832000,0.450022,0.000000,0.010778,0.000000,0.450022,0.000000,-30.587400,0.800000,1
0.842000,0.450000,0.000000,0.000026,0.000000,0.450000,0.000000,0.071116,0.800000,1
0.852000,0.450000,0.000000,0.000000,0.000000,0.450000,0.000000,0.000172,0.800000,1
0.862000,0.450000,0.000000,0.000000,0.000000,0.450000,0.000000,0.000000,0.800000,1
0.872000,0.450000,0.000000,0.000000,0.000000,0.450000,0.000000,0.000000,0.800000,1
0.882000,0.450022,0.000000,0.010778,0.000000,0.450022,0.000000,-30.587400,0.800000,1
0.892000,0.450000,0.000000,0.000026,0.000000,0.450000,0.000000,0.071116,0.800000,1
0.902000,0.450000,0.000000,0.000000,0.000000,0.450000,0.000000,0.000172,0.800000,1
0.912000,0.450000,0.000000,0.000000,0.000000,0.450000,0.000000,0.000000,0.800000,1
0.922000,0.450000,0.000000,0.000000,0.000000,0.450000,0.000000,0.000000,0.800000,1
0.932000,0.450022,0.000000,0.010778,0.000000,0.450022,0.000000,-30.587400,0.800000,1
0.942000,0.450000,0.000000,0.000026,0.000000,0.450000,0.000000,0.071116,0.800000,1
0.952000,0.450000,0.000000,0.000000,0.000000,0.450000,0.000000,0.000172,0.800000,1
0.962000,0.450000,0.000000,0.000000,0.000000,0.450000,0.000000,0.000000,0.800000,1
0.972000,0.450000,0.000000,0.000000,0.000000,0.450000,0.000000,0.000000,0.800000,1
0.982000,0.450022,0.000000,0.010778,0.000000,0.450022,0.000000,-30.587400,0.800000,1
0.992000,0.450000,0.000000,0.000026,0.000000,0.450000,0.000000,0.071116,0.800000,1
1.002000,0.450000,0.000000,0.000000,0.000000,0.450000,0.000000,0.000172,0.800000,1
1.012000,0.450000,0.000000,0.000000,0.000000,0.450000,0.000000,0.000000,0.800000,1
1.022000,0.450000,0.000000,0.000000,0.000000,0.450000,0.000000,0.000000,0.800000,1
1.032000,0.450022,0.000000,0.010778,0.000000,0.450022,0.000000,-30.587400,0.800000,1
1.042000,0.450000,0.000000,0.000026,0.000000,0.450000,0.000000,0.071116,0.800000,1
1.052000,0.450000,0.000000,0.000000,0.000000,0.450000,0.000000,0.000172,0.800000,1
1.062000,0.450000,0.000000,0.000000,0.000000,0.450000,0.000000,0.000000,0.800000,1
1.072000,0.450000,0.000000,0.000000,0.000000,0.450000,0.000000,0.000000,0.800000,1
1.082000,0.450022,0.000000,0.010778,0.000000,0.450022,0.000000,-30.587400,0.800000,1
1.092000,0.450000,0.000000,0.000026,0.000000,0.450000,0.000000,0.071116,0.800000,1
1.102000,0.450000,0.000000,0.000000,0.000000,0.450000,0.000000,0.000172,0.800000,1
1.112000,0.450000,0.000000,0.000000,0.000000,0.450000,0.000000,0.000000,0.800000,1
1.122000,0.450000,0.000000,0.000000,0.000000,0.450000,0.000000,0.000000,0.800000,1
1.132000,0.450022,0.000000,0.010778,0.000000,0.450022,0.000000,-30.587400,0.800000,1
1.142000,0.450000,0.000000,0.000026,0.000000,0.450000,0.000000,0.071116,0.800000,1
1.152000,0.450000,0.000000,0.000000,0.000000,0.450000,0.000000,0.000172,0.800000,1
1.162000,0.450000,0.000000,0.000000,0.000000,0.450000,0.000000,0.000000,0.800000,1
1.172000,0.450000,0.000000,0.000000,0.000000,0.450000,0.000000,0.000000,0.800000,1
1.182000,0.450022,0.000000,0.010778,0.000000,0.450022,0.000000,-30.587400,0.800000,1
1.192000,0.450000,0.000000,0.000026,0.000000,0.450000,0.000000,0.071116,0.800000,1
1.202000,0.450000,0.000000,0.000000,0.000000,0.450000,0.000000,0.000172,0.800000,1
1.212000,0.450000,0.000000,0.000000,0.000000,0.450000,0.000000,0.000000,0.800000,1
1.222000,0.450000,0.000000,0.000000,0.000000,0.450000,0.000000,0.000000,0.800000,1
1.232000,0.450022,0.000000,0.010778,0.000000,0.450022,0.000000,-30.587400,0.800000,1
1.242000,0.450000,0.000000,0.000026,0.000000,0.450000,0.000000,0.071116,0.800000,1
1.252000,0.450000,0.000000,0.000000,0.000000,0.450000,0.000000,0.000172,0.800000,1
1.262000,0.450000,0.000000,0.000000,0.000000,0.450000,0.000000,0.000000,0.800000,1
1.272000,0.450000,0.000000,0.000000,0.000000,0.450000,0.000000,0.000000,0.800000,1
1.282000,0.450022,0.000000,0.010778,0.000000,0.450022,0.000000,-30.587400,0.800000,1
1.292000,0.450000,0.000000,0.000026,0.000000,0.450000,0.000000,0.071116,0.800000,1
1.302000,0.450000,0.000000,0.000000,0.000000,0.450000,0.000000,0.000172,0.800000,1
1.312000,0.450000,0.000000,0.000000,0.000000,0.450000,0.000000,0.000000,0.800000,1
1.322000,0.450000,0.000000,0.000000,0.000000,0.450000,0.000000,0.000000,0.800000,1
1.332000,0.450022,0.000000,0.010778,0.000000,0.450022,0.000000,-30.587400,0.800000,1
1.342000,0.450000,0.000000,0.000026,0.000000,0.450000,0.000000,0.071116,0.800000,1
1.352000,0.450000,0.000000,0.000000,0.000000,0.450000,0.000000,0.000172,0.800000,1
1.362000,0.450000,0.000000,0.000000,0.000000,0.450000,0.000000,0.000000,0.800000,1
1.372000,0.450000,0.000000,0.000000,0.000000,0.450000,0.000000,0.000000,0.800000,1
1.382000,0.450022,0.000000,0.010778,0.000000,0.450022,0.000000,-30.587400,0.800000,1
1.392000,0.450000,0.000000,0.000026,0.000000,0.450000,0.000000,0.071116,0.800000,1
1.402000,0.450000,0.000000,0.000000,0.000000,0.450000,0.000000,0.000172,0.800000,1
1.412000,0.450000,0.000000,0.000000,0.000000,0.450000,0.000000,0.000000,0.800000,1
1.422000,0.450000,0.000000,0.000000,0.000000,0.450000,0.000000,0.000000,0.800000,1
1.432000,0.450022,0.000000,0.010778,0.000000,0.450022,0.000000,-30.587400,0.800000,1
1.442000,0.450000,0.000000,0.000026,0.000000,0.450000,0.000000,0.071116,0.800000,1
1.452000,0.450000,0.000000,0.000000,0.000000,0.450000,0.000000,0.000172,0.800000,1
1.462000,0.450000,0.000000,0.000000,0.000000,0.450000,0.000000,0.000000,0.800000,1
1.472000,0.450000,0.000000,0.000000,0.000000,0.450000,0.000000,0.000000,0.800000,1
1.482000,0.450022,0.000000,0.010778,0.000000,0.450022,0.000000,-30.587400,0.800000,1
1.492000,0.450000,0.000000,0.000026,0.000000,0.450000,0.000000,0.071116,0.800000,1
1.502000,0.450000,0.000000,0.000000,0.000000,0.450000,0.000000,0.000172,0.800000,1
1.512000,0.450000,0.000000,0.000000,0.000000,0.450000,0.000000,0.000000,0.800000,1
1.522000,0.450000,0.000000,0.000000,0.000000,0.450000,0.000000,0.000000,0.800000,1
1.532000,0.450022,0.000000,0.010778,0.000000,0.450022,0.000000,-30.587400,0.800000,1
1.542000,0.450000,0.000000,0.000026,0.000000,0.450000,0.000000,0.071116,0.800000,1
1.552000,0.450000,0.000000,0.000000,0.000000,0.450000,0.000000,0.000172,0.800000,1
1.562000,0.450000,0.000000,0.000000,0.000000,0.450000,0.000000,0.000000,0.800000,1
1.572000,0.450000,0.000000,0.000000,0.000000,0.450000,0.000000,0.000000,0.800000,1
1.582000,0.450022,0.000000,0.010778,0.000000,0.450022,0.000000,-30.587400,0.800000,1
1.592000,0.450000,0.000000,0.000026,0.000000,0.450000,0.000000,0.071116,0.800000,1
1.602000,0.450000,0.000000,0.000000,0.000000,0.450000,0.000000,0.000172,0.800000,1
1.612000,0.450000,0.000000,0.000000,0.000000,0.450000,0.000000,0.000000,0.800000,1
1.622000,0.450000,0.000000,0.000000,0.000000,0.450000,0.000000,0.000000,0.800000,1
1.632000,0.450022,0.000000,0.010778,0.000000,0.450022,0.000000,-30.587400,0.800000,1
1.642000,0.450000,0.000000,0.000026,0.000000,0.450000,0.000000,0.071116,0.800000,1
1.652000,0.450000,0.000000,0.000000,0.000000,0.450000,0.000000,0.000172,0.800000,1
1.662000,0.450000,0.000000,0.000000,0.000000,0.450000,0.000000,0.000000,0.800000,1
1.672000,0.450000,0.000000,0.000000,0.000000,0.450000,0.000000,0.000000,0.800000,1
1.682000,0.450022,0.000000,0.010778,0.000000,0.450022,0.000000,-30.587400,0.800000,1
1.692000,0.450000,0.000000,0.000026,0.000000,0.450000,0.000000,0.071116,0.800000,1
1.702000,0.450000,0.000000,0.000000,0.000000,0.450000,0.000000,0.000172,0.800000,1
1.712000,0.450000,0.000000,0.000000,0.000000,0.450000,0.000000,0.000000,0.800000,1
1.722000,0.450000,0.000000,0.000000,0.000000,0.450000,0.000000,0.000000,0.800000,1
1.732000,0.450022,0.000000,0.010778,0.000000,0.450022,0.000000,-30.587400,0.800000,1
1.742000,0.450000,0.000000,0.000026,0.000000,0.450000,0.000000,0.071116,0.800000,1
1.752000,0.450000,0.000000,0.000000,0.000000,0.450000,0.000000,0.000172,0.800000,1
1.762000,0.450000,0.000000,0.000000,0.000000,0.450000,0.000000,0.000000,0.800000,1
1.772000,0.450000,0.000000,0.000000,0.000000,0.450000,0.000000,0.000000,0.800000,1
1.782000,0.450022,0.000000,0.010778,0.000000,0.450022,0.000000,-30.587400,0.800000,1
1.792000,0.450000,0.000000,0.000026,0.000000,0.450000,0.000000,0.071116,0.800000,1
1.802000,0.450000,0.000000,0.000000,0.000000,0.450000,0.000000,0.000172,0.800000,1
1.812000,0.450000,0.000000,0.000000,0.000000,0.450000,0.000000,0.000000,0.800000,1
1.822000,0.450000,0.000000,0.000000,0.000000,0.450000,0.000000,0.000000,0.800000,1
1.832000,0.450022,0.000000,0.010778,0.000000,0.450022,0.000000,-30.587400,0.800000,1
1.842000,0.450000,0.000000,0.000026,0.000000,0.450000,0.000000,0.071116,0.800000,1
1.852000,0.450000,0.000000,0.000000,0.000000,0.450000,0.000000,0.000172,0.800000,1
1.862000,0.450000,0.000000,0.000000,0.000000,0.450000,0.000000,0.000000,0.800000,1
1.872000,0.450000,0.000000,0.000000,0.000000,0.450000,0.000000,0.000000,0.800000,1
1.882000,0.450022,0.000000,0.010778,0.000000,0.450022,0.000000,-30.587400,0.800000,1
1.892000,0.450000,0.000000,0.000026,0.000000,0.450000,0.000000,0.071116,0.800000,1
1.902000,0.450000,0.000000,0.000000,0.000000,0.450000,0.000000,0.000172,0.800000,1
1.912000,0.450000,0.000000,0.000000,0.000000,0.450000,0.000000,0.000000,0.800000,1
1.922000,0.450000,0.000000,0.000000,0.000000,0.450000,0.000000,0.000000,0.800000,1
1.932000,0.450022,0.000000,0.010778,0.000000,0.450022,0.000000,-30.587400,0.800000,1
1.942000,0.450000,0.000000,0.000026,0.000000,0.450000,0.000000,0.071116,0.800000,1
1.952000,0.450000,0.000000,0.000000,0.000000,0.450000,0.000000,0.000172,0.800000,1
1.962000,0.450000,0.000000,0.000000,0.000000,0.450000,0.000000,0.000000,0.800000,1
1.972000,0.450000,0.000000,0.000000,0.000000,0.450000,0.000000,0.000000,0.800000,1
1.982000,0.450022,0.000000,0.010778,0.000000,0.450022,0.000000,-30.587400,0.800000,1
1.992000,0.450000,0.000000,0.000026,0.000000,0.450000,0.000000,0.071116,0.800000,1
2.002000,0.450000,0.000000,0.000000,0.000000,0.450000,0.000000,0.000172,0.800000,1
2.012000,0.450000,0.000000,0.000000,0.000000,0.450000,0.000000,0.000000,0.800000,1
2.022000,0.450000,0.000000,0.000000,0.000000,0.450000,0.000000,0.000000,0.800000,1
2.032000,0.450022,0.000000,0.010778,0.000000,0.450022,0.000000,-30.587400,0.800000,1
2.042000,0.450000,0.000000,0.000026,0.000000,0.450000,0.000000,0.071116,0.800000,1
2.052000,0.450000,0.000000,0.000000,0.000000,0.450000,0.000000,0.000172,0.800000,1
2.062000,0.450000,0.000000,0.000000,0.000000,0.450000,0.000000,0.000000,0.800000,1
2.072000,0.450000,0.000000,0.000000,0.000000,0.450000,0.000000,0.000000,0.800000,1
2.082000,0.450022,0.000000,0.010778,0.000000,0.450022,0.000000,-30.587400,0.800000,1
2.092000,0.450000,0.000000,0.000026,0.000000,0.450000,0.000000,0.071116,0.800000,1
2.102000,0.450000,0.000000,0.000000,0.000000,0.450000,0.000000,0.000172,0.800000,1
2.112000,0.450000,0.000000,0.000000,0.000000,0.450000,0.000000,0.000000,0.800000,1
2.122000,0.450000,0.000000,0.000000,0.000000,0.450000,0.000000,0.000000,0.800000,1
2.132000,0.450022,0.000000,0.010778,0.000000,0.450022,0.000000,-30.587400,0.800000,1
2.142000,0.450000,0.000000,0.000026,0.000000,0.450000,0.000000,0.071116,0.800000,1
2.152000,0.450000,0.000000,0.000000,0.000000,0.450000,0.000000,0.000172,0.800000,1
2.162000,0.450000,0.000000,0.000000,0.000000,0.450000,0.000000,0.000000,0.800000,1
2.172000,0.450000,0.000000,0.000000,0.000000,0.450000,0.000000,0.000000,0.800000,1
2.182000,0.450022,0.000000,0.010778,0.000000,0.450022,0.000000,-30.587400,0.800000,1
2.192000,0.450000,0.000000,0.000026,0.000000,0.450000,0.000000,0.071116,0.800000,1
2.202000,0.450000,0.000000,0.000000,0.000000,0.450000,0.000000,0.000172,0.800000,1
2.212000,0.450000,0.000000,0.000000,0.000000,0.450000,0.000000,0.000000,0.800000,1
2.222000,0.450000,0.000000,0.000000,0.000000,0.450000,0.000000,0.000000,0.800000,1
2.232000,0.450022,0.000000,0.010778,0.000000,0.450022,0.000000,-30.587400,0.800000,1
2.242000,0.450000,0.000000,0.000026,0.000000,0.450000,0.000000,0.071116,0.800000,1
2.252000,0.450000,0.000000,0.000000,0.000000,0.450000,0.000000,0.000172,0.800000,1
2.262000,0.450000,0.000000,0.000000,0.000000,0.450000,0.000000,0.000000,0.800000,1
2.272000,0.450000,0.000000,0.000000,0.000000,0.450000,0.000000,0.000000,0.800000,1
2.282000,0.450022,0.000000,0.010778,0.000000,0.450022,0.000000,-30.587400,0.800000,1
2.292000,0.450000,0.000000,0.000026,0.000000,0.450000,0.000000,0.071116,0.800000,1
2.302000,0.450000,0.000000,0.000000,0.000000,0.450000,0.000000,0.000172,0.800000,1
2.312000,0.450000,0.000000,0.000000,0.000000,0.450000,0.000000,0.000000,0.800000,1
2.322000,0.450000,0.000000,0.000000,0.000000,0.450000,0.000000,0.000000,0.800000,1
2.332000,0.450022,0.000000,0.010778,0.000000,0.450022,0.000000,-30.587400,0.800000,1
2.342000,0.450000,0.000000,0.000026,0.000000,0.450000,0.000000,0.071116,0.800000,1
2.352000,0.450000,0.000000,0.000000,0.000000,0.450000,0.000000,0.000172,0.800000,1
2.362000,0.450000,0.000000,0.000000,0.000000,0.450000,0.000000,0.000000,0.800000,1
2.372000,0.450000,0.000000,0.000000,0.000000,0.450000,0.000000,0.000000,0.800000,1
2.382000,0.450022,0.000000,0.010778,0.000000,0.450022,0.000000,-30.587400,0.800000,1
2.392000,0.450000,0.000000,0.000026,0.000000,0.450000,0.000000,0.071116,0.800000,1
2.402000,0.450000,0.000000,0.000000,0.000000,0.450000,0.000000,0.000172,0.800000,1
2.412000,0.450000,0.000000,0.000000,0.000000,0.450000,0.000000,0.000000,0.800000,1
2.422000,0.450000,0.000000,0.000000,0.000000,0.450000,0.000000,0.000000,0.800000,1
2.432000,0.450022,0.000000,0.010778,0.000000,0.450022,0.000000,-30.587400,0.800000,1
2.442000,0.450000,0.000000,0.000026,0.000000,0.450000,0.000000,0.071116,0.800000,1
2.452000,0.450000,0.000000,0.000000,0.000000,0.450000,0.000000,0.000172,0.800000,1
2.462000,0.450000,0.000000,0.000000,0.000000,0.450000,0.000000,0.000000,0.800000,1
2.472000,0.450000,0.000000,0.000000,0.000000,0.450000,0.000000,0.000000,0.800000,1
2.482000,0.450022,0.000000,0.010778,0.000000,0.450022,0.000000,-30.587400,0.800000,1
2.492000,0.450000,0.000000,0.000026,0.000000,0.450000,0.000000,0.071116,0.800000,1
2.502000,0.450000,0.000000,0.000000,0.000000,0.450000,0.000000,0.000172,0.800000,1
2.512000,0.450000,0.000000,0.000000,0.000000,0.450000,0.000000,0.000000,0.800000,1
2.522000,0.450000,0.000000,0.000000,0.000000,0.450000,0.000000,0.000000,0.800000,1
2.532000,0.450022,0.000000,0.010778,0.000000,0.450022,0.000000,-30.587400,0.800000,1
2.542000,0.450000,0.000000,0.000026,0.000000,0.450000,0.000000,0.071116,0.800000,1
2.552000,0.450000,0.000000,0.000000,0.000000,0.450000,0.000000,0.000172,0.800000,1
2.562000,0.450000,0.000000,0.000000,0.000000,0.450000,0.000000,0.000000,0.800000,1
2.572000,0.450000,0.000000,0.000000,0.000000,0.450000,0.000000,0.000000,0.800000,1
2.582000,0.450022,0.000000,0.010778,0.000000,0.450022,0.000000,-30.587400,0.800000,1
2.592000,0.450000,0.000000,0.000026,0.000000,0.450000,0.000000,0.071116,0.800000,1
2.602000,0.450000,0.000000,0.000000,0.000000,0.450000,0.000000,0.000172,0.800000,1
2.612000,0.450000,0.000000,0.000000,0.000000,0.450000,0.000000,0.000000,0.800000,1
2.622000,0.450000,0.000000,0.000000,0.000000,0.450000,0.000000,0.000000,0.800000,1
2.632000,0.450022,0.000000,0.010778,0.000000,0.450022,0.000000,-30.587400,0.800000,1
2.642000,0.450000,0.000000,0.000026,0.000000,0.450000,0.000000,0.071116,0.800000,1
2.652000,0.450000,0.000000,0.000000,0.000000,0.450000,0.000000,0.000172,0.800000,1
2.662000,0.450000,0.000000,0.000000,0.000000,0.450000,0.000000,0.000000,0.800000,1
2.672000,0.450000,0.000000,0.000000,0.000000,0.450000,0.000000,0.000000,0.800000,1
2.682000,0.450022,0.000000,0.010778,0.000000,0.450022,0.000000,-30.587400,0.800000,1
2.692000,0.450000,0.000000,0.000026,0.000000,0.450000,0.000000,0.071116,0.800000,1
2.702000,0.450000,0.000000,0.000000,0.000000,0.450000,0.000000,0.000172,0.800000,1
2.712000,0.450000,0.000000,0.000000,0.000000,0.450000,0.000000,0.000000,0.800000,1
2.722000,0.450000,0.000000,0.000000,0.000000,0.450000,0.000000,0.000000,0.800000,1
2.732000,0.450022,0.000000,0.010778,0.000000,0.450022,0.000000,-30.587400,0.800000,1
2.742000,0.450000,0.000000,0.000026,0.000000,0.450000,0.000000,0.071116,0.800000,1
2.752000,0.450000,0.000000,0.000000,0.000000,0.450000,0.000000,0.000172,0.800000,1
2.762000,0.450000,0.000000,0.000000,0.000000,0.450000,0.000000,0.000000,0.800000,1
2.772000,0.450000,0.000000,0.000000,0.000000,0.450000,0.000000,0.000000,0.800000,1
2.782000,0.450022,0.000000,0.010778,0.000000,0.450022,0.000000,-30.587400,0.800000,1
2.792000,0.450000,0.000000,0.000026,0.000000,0.450000,0.000000,0.071116,0.800000,1
2.802000,0.449784,0.000000,-0.071891,0.000000,0.449784,0.000000,0.000000,-0.500000,0
2.812000,0.447990,0.000000,-0.250993,0.000000,0.447990,0.000000,0.000000,-0.500000,0
2.822000,0.444410,0.000000,-0.429202,0.000000,0.444410,0.000000,0.000000,-0.500000,0
2.832000,0.439485,0.000000,-0.499500,0.000000,0.439485,0.000000,0.000000,-0.500000,0
2.842000,0.434490,0.000000,-0.499500,0.000000,0.434490,0.000000,0.000000,-0.500000,0
2.852000,0.429495,0.000000,-0.499500,0.000000,0.429495,0.000000,0.000000,-0.500000,0
2.862000,0.424500,0.000000,-0.499500,0.000000,0.424500,0.000000,0.000000,-0.500000,0
2.872000,0.419505,0.000000,-0.499500,0.000000,0.419505,0.000000,0.000000,-0.500000,0
2.882000,0.414510,0.000000,-0.499500,0.000000,0.414510,0.000000,0.000000,-0.500000,0
2.892000,0.409515,0.000000,-0.499500,0.000000,0.409515,0.000000,0.000000,-0.500000,0
2.902000,0.404520,0.000000,-0.499500,0.000000,0.404520,0.000000,0.000000,-0.500000,0
2.912000,0.399525,0.000000,-0.499500,0.000000,0.399525,0.000000,0.000000,-0.500000,0
2.922000,0.394530,0.000000,-0.499500,0.000000,0.394530,0.000000,0.000000,-0.500000,0
2.932000,0.389535,0.000000,-0.499500,0.000000,0.389535,0.000000,0.000000,-0.500000,0
2.942000,0.384540,0.000000,-0.499500,0.000000,0.384540,0.000000,0.000000,-0.500000,0
2.952000,0.379545,0.000000,-0.499500,0.000000,0.379545,0.000000,0.000000,-0.500000,0
2.962000,0.374550,0.000000,-0.499500,0.000000,0.374550,0.000000,0.000000,-0.500000,0
2.972000,0.369555,0.000000,-0.499500,0.000000,0.369555,0.000000,0.000000,-0.500000,0
2.982000,0.364560,0.000000,-0.499500,0.000000,0.364560,0.000000,0.000000,-0.500000,0
2.992000,0.359565,0.000000,-0.499500,0.000000,0.359565,0.000000,0.000000,-0.500000,0
3.002000,0.354570,0.000000,-0.499500,0.000000,0.354570,0.000000,0.000000,-0.500000,0
3.012000,0.349575,0.000000,-0.499500,0.000000,0.349575,0.000000,0.000000,-0.500000,0
3.022000,0.344580,0.000000,-0.499500,0.000000,0.344580,0.000000,0.000000,-0.500000,0
3.032000,0.339585,0.000000,-0.499500,0.000000,0.339585,0.000000,0.000000,-0.500000,0
3.042000,0.334590,0.000000,-0.499500,0.000000,0.334590,0.000000,0.000000,-0.500000,0
3.052000,0.329595,0.000000,-0.499500,0.000000,0.329595,0.000000,0.000000,-0.500000,0
3.062000,0.324600,0.000000,-0.499500,0.000000,0.324600,0.000000,0.000000,-0.500000,0
3.072000,0.319605,0.000000,-0.499500,0.000000,0.319605,0.000000,0.000000,-0.500000,0
3.082000,0.314610,0.000000,-0.499500,0.000000,0.314610,0.000000,0.000000,-0.500000,0
3.092000,0.309615,0.000000,-0.499500,0.000000,0.309615,0.000000,0.000000,-0.500000,0
3.102000,0.304620,0.000000,-0.499500,0.000000,0.304620,0.000000,0.000000,-0.500000,0
3.112000,0.299625,0.000000,-0.499500,0.000000,0.299625,0.000000,0.000000,-0.500000,0
3.122000,0.294630,0.000000,-0.499500,0.000000,0.294630,0.000000,0.000000,-0.500000,0
3.132000,0.289635,0.000000,-0.499500,0.000000,0.289635,0.000000,0.000000,-0.500000,0
3.142000,0.284640,0.000000,-0.499500,0.000000,0.284640,0.000000,0.000000,-0.500000,0
3.152000,0.279645,0.000000,-0.499500,0.000000,0.279645,0.000000,0.000000,-0.500000,0
3.162000,0.274650,0.000000,-0.499500,0.000000,0.274650,0.000000,0.000000,-0.500000,0
3.172000,0.269655,0.000000,-0.499500,0.000000,0.269655,0.000000,0.000000,-0.500000,0
3.182000,0.264660,0.000000,-0.499500,0.000000,0.264660,0.000000,0.000000,-0.500000,0
3.192000,0.259665,0.000000,-0.499500,0.000000,0.259665,0.000000,0.000000,-0.500000,0
3.202000,0.254670,0.000000,-0.499500,0.000000,0.254670,0.000000,0.000000,-0.500000,0
3.212000,0.249675,0.000000,-0.499500,0.000000,0.249675,0.000000,0.000000,-0.500000,0
3.222000,0.244680,0.000000,-0.499500,0.000000,0.244680,0.000000,0.000000,-0.500000,0
3.232000,0.239685,0.000000,-0.499500,0.000000,0.239685,0.000000,0.000000,-0.500000,0
3.242000,0.234690,0.000000,-0.499500,0.000000,0.234690,0.000000,0.000000,-0.500000,0
3.252000,0.229695,0.000000,-0.499500,0.000000,0.229695,0.000000,0.000000,-0.500000,0
3.262000,0.224700,0.000000,-0.499500,0.000000,0.224700,0.000000,0.000000,-0.500000,0
3.272000,0.219705,0.000000,-0.499500,0.000000,0.219705,0.000000,0.000000,-0.500000,0
3.282000,0.214710,0.000000,-0.499500,0.000000,0.214710,0.000000,0.000000,-0.500000,0
3.292000,0.209715,0.000000,-0.499500,0.000000,0.209715,0.000000,0.000000,-0.500000,0
3.302000,0.204720,0.000000,-0.499500,0.000000,0.204720,0.000000,0.000000,-0.500000,0
3.312000,0.199725,0.000000,-0.499500,0.000000,0.199725,0.000000,0.000000,-0.500000,0
3.322000,0.194730,0.000000,-0.499500,0.000000,0.194730,0.000000,0.000000,-0.500000,0
3.332000,0.189735,0.000000,-0.499500,0.000000,0.189735,0.000000,0.000000,-0.500000,0
3.342000,0.184740,0.000000,-0.499500,0.000000,0.184740,0.000000,0.000000,-0.500000,0
3.352000,0.179745,0.000000,-0.499500,0.000000,0.179745,0.000000,0.000000,-0.500000,0
3.362000,0.174750,0.000000,-0.499500,0.000000,0.174750,0.000000,0.000000,-0.500000,0
3.372000,0.169755,0.000000,-0.499500,0.000000,0.169755,0.000000,0.000000,-0.500000,0
3.382000,0.164760,0.000000,-0.499500,0.000000,0.164760,0.000000,0.000000,-0.500000,0
3.392000,0.159765,0.000000,-0.499500,0.000000,0.159765,0.000000,0.000000,-0.500000,0
3.402000,0.154770,0.000000,-0.499500,0.000000,0.154770,0.000000,0.000000,-0.500000,0
3.412000,0.149775,0.000000,-0.499500,0.000000,0.149775,0.000000,0.000000,-0.500000,0
3.422000,0.144780,0.000000,-0.499500,0.000000,0.144780,0.000000,0.000000,-0.500000,0
3.432000,0.139785,0.000000,-0.499500,0.000000,0.139785,0.000000,0.000000,-0.500000,0
3.442000,0.134790,0.000000,-0.499500,0.000000,0.134790,0.000000,0.000000,-0.500000,0
3.452000,0.129795,0.000000,-0.499500,0.000000,0.129795,0.000000,0.000000,-0.500000,0
3.462000,0.124800,0.000000,-0.499500,0.000000,0.124800,0.000000,0.000000,-0.500000,0
3.472000,0.119805,0.000000,-0.499500,0.000000,0.119805,0.000000,0.000000,-0.500000,0
3.482000,0.114810,0.000000,-0.499500,0.000000,0.114810,0.000000,0.000000,-0.500000,0
3.492000,0.109815,0.000000,-0.499500,0.000000,0.109815,0.000000,0.000000,-0.500000,0
3.502000,0.104820,0.000000,-0.499500,0.000000,0.104820,0.000000,0.000000,-0.500000,0
3.512000,0.099825,0.000000,-0.499500,0.000000,0.099825,0.000000,0.000000,-0.500000,0
3.522000,0.094830,0.000000,-0.499500,0.000000,0.094830,0.000000,0.000000,-0.500000,0
3.532000,0.089835,0.000000,-0.499500,0.000000,0.089835,0.000000,0.000000,-0.500000,0
3.542000,0.084840,0.000000,-0.499500,0.000000,0.084840,0.000000,0.000000,-0.500000,0
3.552000,0.079845,0.000000,-0.499500,0.000000,0.079845,0.000000,0.000000,-0.500000,0
3.562000,0.074850,0.000000,-0.499500,0.000000,0.074850,0.000000,0.000000,-0.500000,0
3.572000,0.069855,0.000000,-0.499500,0.000000,0.069855,0.000000,0.000000,-0.500000,0
3.582000,0.064860,0.000000,-0.499500,0.000000,0.064860,0.000000,0.000000,-0.500000,0
3.592000,0.059865,0.000000,-0.499500,0.000000,0.059865,0.000000,0.000000,-0.500000,0
3.602000,0.054870,0.000000,-0.499500,0.000000,0.054870,0.000000,0.000000,-0.500000,0
3.612000,0.049875,0.000000,-0.499500,0.000000,0.049875,0.000000,0.000000,-0.500000,0
3.622000,0.044880,0.000000,-0.499500,0.000000,0.044880,0.000000,0.000000,-0.500000,0
3.632000,0.039885,0.000000,-0.499500,0.000000,0.039885,0.000000,0.000000,-0.500000,0
3.642000,0.034890,0.000000,-0.499500,0.000000,0.034890,0.000000,0.000000,-0.500000,0
3.652000,0.029895,0.000000,-0.499500,0.000000,0.029895,0.000000,0.000000,-0.500000,0
3.662000,0.024900,0.000000,-0.499500,0.000000,0.024900,0.000000,0.000000,-0.500000,0
3.672000,0.019905,0.000000,-0.499500,0.000000,0.019905,0.000000,0.000000,-0.500000,0
3.682000,0.014910,0.000000,-0.499500,0.000000,0.014910,0.000000,0.000000,-0.500000,0
3.692000,0.009915,0.000000,-0.499500,0.000000,0.009915,0.000000,0.000000,-0.500000,0
3.702000,0.004920,0.000000,-0.499500,0.000000,0.004920,0.000000,0.000000,-0.500000,0
3.712000,-0.000075,0.000000,-0.499500,0.000000,-0.000075,0.000000,0.000000,-0.500000,0
3.722000,-0.005070,0.000000,-0.499500,0.000000,-0.005070,0.000000,0.000000,-0.500000,0
3.732000,-0.010065,0.000000,-0.499500,0.000000,-0.010065,0.000000,0.000000,-0.500000,0
3.742000,-0.015060,0.000000,-0.499500,0.000000,-0.015060,0.000000,0.000000,-0.500000,0
3.752000,-0.020055,0.000000,-0.499500,0.000000,-0.020055,0.000000,0.000000,-0.500000,0
3.762000,-0.025050,0.000000,-0.499500,0.000000,-0.025050,0.000000,0.000000,-0.500000,0
3.772000,-0.030045,0.000000,-0.499500,0.000000,-0.030045,0.000000,0.000000,-0.500000,0
3.782000,-0.035040,0.000000,-0.499500,0.000000,-0.035040,0.000000,0.000000,-0.500000,0
3.792000,-0.040035,0.000000,-0.499500,0.000000,-0.040035,0.000000,0.000000,-0.500000,0
3.802000,-0.045030,0.000000,-0.499500,0.000000,-0.045030,0.000000,0.000000,-0.500000,0
3.812000,-0.050025,0.000000,-0.499500,0.000000,-0.050025,0.000000,0.000000,-0.500000,0
3.822000,-0.055020,0.000000,-0.499500,0.000000,-0.055020,0.000000,0.000000,-0.500000,0
3.832000,-0.060015,0.000000,-0.499500,0.000000,-0.060015,0.000000,0.000000,-0.500000,0
3.842000,-0.065010,0.000000,-0.499500,0.000000,-0.065010,0.000000,0.000000,-0.500000,0
3.852000,-0.070005,0.000000,-0.499500,0.000000,-0.070005,0.000000,0.000000,-0.500000,0
3.862000,-0.075000,0.000000,-0.499500,0.000000,-0.075000,0.000000,0.000000,-0.500000,0
3.872000,-0.079995,0.000000,-0.499500,0.000000,-0.079995,0.000000,0.000000,-0.500000,0
3.882000,-0.084990,0.000000,-0.499500,0.000000,-0.084990,0.000000,0.000000,-0.500000,0
3.892000,-0.089985,0.000000,-0.499500,0.000000,-0.089985,0.000000,0.000000,-0.500000,0
3.902000,-0.094980,0.000000,-0.499500,0.000000,-0.094980,0.000000,0.000000,-0.500000,0
3.912000,-0.099975,0.000000,-0.499500,0.000000,-0.099975,0.000000,0.000000,-0.500000,0
3.922000,-0.104970,0.000000,-0.499500,0.000000,-0.104970,0.000000,0.000000,-0.500000,0
3.932000,-0.109965,0.000000,-0.499500,0.000000,-0.109965,0.000000,0.000000,-0.500000,0
3.942000,-0.114960,0.000000,-0.499500,0.000000,-0.114960,0.000000,0.000000,-0.500000,0
3.952000,-0.119955,0.000000,-0.499500,0.000000,-0.119955,0.000000,0.000000,-0.500000,0
3.962000,-0.124950,0.000000,-0.499500,0.000000,-0.124950,0.000000,0.000000,-0.500000,0
3.972000,-0.129945,0.000000,-0.499500,0.000000,-0.129945,0.000000,0.000000,-0.500000,0
3.982000,-0.134940,0.000000,-0.499500,0.000000,-0.134940,0.000000,0.000000,-0.500000,0
3.992000,-0.139935,0.000000,-0.499500,0.000000,-0.139935,0.000000,0.000000,-0.500000,0
4.002000,-0.144930,0.000000,-0.499500,0.000000,-0.144930,0.000000,0.000000,-0.500000,0
4.012000,-0.149925,0.000000,-0.499500,0.000000,-0.149925,0.000000,0.000000,-0.500000,0
4.022000,-0.154920,0.000000,-0.499500,0.000000,-0.154920,0.000000,0.000000,-0.500000,0
4.032000,-0.159915,0.000000,-0.499500,0.000000,-0.159915,0.000000,0.000000,-0.500000,0
4.042000,-0.164910,0.000000,-0.499500,0.000000,-0.164910,0.000000,0.000000,-0.500000,0
4.052000,-0.169905,0.000000,-0.499500,0.000000,-0.169905,0.000000,0.000000,-0.500000,0
4.062000,-0.174900,0.000000,-0.499500,0.000000,-0.174900,0.000000,0.000000,-0.500000,0
4.072000,-0.179895,0.000000,-0.499500,0.000000,-0.179895,0.000000,0.000000,-0.500000,0
4.082000,-0.184890,0.000000,-0.499500,0.000000,-0.184890,0.000000,0.000000,-0.500000,0
4.092000,-0.189885,0.000000,-0.499500,0.000000,-0.189885,0.000000,0.000000,-0.500000,0
4.102000,-0.194880,0.000000,-0.499500,0.000000,-0.194880,0.000000,0.000000,-0.500000,0
4.112000,-0.199875,0.000000,-0.499500,0.000000,-0.199875,0.000000,0.000000,-0.500000,0
4.122000,-0.204870,0.000000,-0.499500,0.000000,-0.204870,0.000000,0.000000,-0.500000,0
4.132000,-0.209865,0.000000,-0.499500,0.000000,-0.209865,0.000000,0.000000,-0.500000,0
4.142000,-0.214860,0.000000,-0.499500,0.000000,-0.214860,0.000000,0.000000,-0.500000,0
4.152000,-0.219855,0.000000,-0.499500,0.000000,-0.219855,0.000000,0.000000,-0.500000,0
4.162000,-0.224850,0.000000,-0.499500,0.000000,-0.224850,0.000000,0.000000,-0.500000,0
4.172000,-0.229845,0.000000,-0.499500,0.000000,-0.229845,0.000000,0.000000,-0.500000,0
4.182000,-0.234840,0.000000,-0.499500,0.000000,-0.234840,0.000000,0.000000,-0.500000,0
4.192000,-0.239835,0.000000,-0.499500,0.000000,-0.239835,0.000000,0.000000,-0.500000,0
4.202000,-0.244830,0.000000,-0.499500,0.000000,-0.244830,0.000000,0.000000,-0.500000,0
4.212000,-0.249825,0.000000,-0.499500,0.000000,-0.249825,0.000000,0.000000,-0.500000,0
4.222000,-0.254820,0.000000,-0.499500,0.000000,-0.254820,0.000000,0.000000,-0.500000,0
4.232000,-0.259815,0.000000,-0.499500,0.000000,-0.259815,0.000000,0.000000,-0.500000,0
4.242000,-0.264810,0.000000,-0.499500,0.000000,-0.264810,0.000000,0.000000,-0.500000,0
4.252000,-0.269805,0.000000,-0.499500,0.000000,-0.269805,0.000000,0.000000,-0.500000,0
4.262000,-0.274800,0.000000,-0.499500,0.000000,-0.274800,0.000000,0.000000,-0.500000,0
4.272000,-0.279795,0.000000,-0.499500,0.000000,-0.279795,0.000000,0.000000,-0.500000,0
4.282000,-0.284790,0.000000,-0.499500,0.000000,-0.284790,0.000000,0.000000,-0.500000,0
4.292000,-0.289785,0.000000,-0.499500,0.000000,-0.289785,0.000000,0.000000,-0.500000,0
4.302000,-0.294780,0.000000,-0.499500,0.000000,-0.294780,0.000000,0.000000,-0.500000,0
4.312000,-0.299775,0.000000,-0.499500,0.000000,-0.299775,0.000000,0.000000,-0.500000,0
4.322000,-0.304770,0.000000,-0.499500,0.000000,-0.304770,0.000000,0.000000,-0.500000,0
4.332000,-0.309765,0.000000,-0.499500,0.000000,-0.309765,0.000000,0.000000,-0.500000,0
4.342000,-0.314760,0.000000,-0.499500,0.000000,-0.314760,0.000000,0.000000,-0.500000,0
4.352000,-0.319755,0.000000,-0.499500,0.000000,-0.319755,0.000000,0.000000,-0.500000,0
4.362000,-0.324750,0.000000,-0.499500,0.000000,-0.324750,0.000000,0.000000,-0.500000,0
4.372000,-0.329745,0.000000,-0.499500,0.000000,-0.329745,0.000000,0.000000,-0.500000,0
4.382000,-0.334740,0.000000,-0.499500,0.000000,-0.334740,0.000000,0.000000,-0.500000,0
4.392000,-0.339735,0.000000,-0.499500,0.000000,-0.339735,0.000000,0.000000,-0.500000,0
4.402000,-0.344730,0.000000,-0.499500,0.000000,-0.344730,0.000000,0.000000,-0.500000,0
4.412000,-0.349725,0.000000,-0.499500,0.000000,-0.349725,0.000000,0.000000,-0.500000,0
4.422000,-0.354720,0.000000,-0.499500,0.000000,-0.354720,0.000000,0.000000,-0.500000,0
4.432000,-0.359715,0.000000,-0.499500,0.000000,-0.359715,0.000000,0.000000,-0.500000,0
4.442000,-0.364710,0.000000,-0.499500,0.000000,-0.364710,0.000000,0.000000,-0.500000,0
4.452000,-0.369705,0.000000,-0.499500,0.000000,-0.369705,0.000000,0.000000,-0.500000,0
4.462000,-0.374700,0.000000,-0.499500,0.000000,-0.374700,0.000000,0.000000,-0.500000,0
4.472000,-0.379695,0.000000,-0.499500,0.000000,-0.379695,0.000000,0.000000,-0.500000,0
4.482000,-0.384690,0.000000,-0.499500,0.000000,-0.384690,0.000000,0.000000,-0.500000,0
4.492000,-0.389685,0.000000,-0.499500,0.000000,-0.389685,0.000000,0.000000,-0.500000,0
4.502000,-0.394680,0.000000,-0.499500,0.000000,-0.394680,0.000000,0.000000,-0.500000,0
4.512000,-0.399675,0.000000,-0.499500,0.000000,-0.399675,0.000000,0.000000,-0.500000,0
4.522000,-0.400005,0.000000,-0.002720,0.000000,-0.400005,0.000000,-7.422696,-0.500000,-1
4.532000,-0.400000,0.000000,-0.000007,0.000000,-0.400000,0.000000,-0.017947,-0.500000,-1
4.542000,-0.400000,0.000000,-0.000000,0.000000,-0.400000,0.000000,-0.000043,-0.500000,-1
4.552000,-0.400000,0.000000,-0.000000,0.000000,-0.400000,0.000000,-0.000000,-0.500000,-1
4.562000,-0.400000,0.000000,-0.000000,0.000000,-0.400000,0.000000,-0.000000,-0.500000,-1
4.572000,-0.400006,0.000000,-0.003230,0.000000,-0.400006,0.000000,-8.814956,-0.500000,-1
4.582000,-0.400000,0.000000,-0.000008,0.000000,-0.400000,0.000000,-0.021313,-0.500000,-1
4.592000,-0.400000,0.000000,-0.000000,0.000000,-0.400000,0.000000,-0.000052,-0.500000,-1
4.602000,-0.400000,0.000000,-0.000000,0.000000,-0.400000,0.000000,-0.000000,-0.500000,-1
4.612000,-0.400000,0.000000,-0.000000,0.000000,-0.400000,0.000000,-0.000000,-0.500000,-1
4.622000,-0.400006,0.000000,-0.003230,0.000000,-0.400006,0.000000,-8.814956,-0.500000,-1
4.632000,-0.400000,0.000000,-0.000008,0.000000,-0.400000,0.000000,-0.021313,-0.500000,-1
4.642000,-0.400000,0.000000,-0.000000,0.000000,-0.400000,0.000000,-0.000052,-0.500000,-1
4.652000,-0.400000,0.000000,-0.000000,0.000000,-0.400000,0.000000,-0.000000,-0.500000,-1
4.662000,-0.400000,0.000000,-0.000000,0.000000,-0.400000,0.000000,-0.000000,-0.500000,-1
4.672000,-0.400006,0.000000,-0.003230,0.000000,-0.400006,0.000000,-8.814956,-0.500000,-1
4.682000,-0.400000,0.000000,-0.000008,0.000000,-0.400000,0.000000,-0.021313,-0.500000,-1
4.692000,-0.400000,0.000000,-0.000000,0.000000,-0.400000,0.000000,-0.000052,-0.500000,-1
4.702000,-0.400000,0.000000,-0.000000,0.000000,-0.400000,0.000000,-0.000000,-0.500000,-1
4.712000,-0.400000,0.000000,-0.000000,0.000000,-0.400000,0.000000,-0.000000,-0.500000,-1
4.722000,-0.400006,0.000000,-0.003230,0.000000,-0.400006,0.000000,-8.814956,-0.500000,-1
4.732000,-0.400000,0.000000,-0.000008,0.000000,-0.400000,0.000000,-0.021313,-0.500000,-1
4.742000,-0.400000,0.000000,-0.000000,0.000000,-0.400000,0.000000,-0.000052,-0.500000,-1
4.752000,-0.400000,0.000000,-0.000000,0.000000,-0.400000,0.000000,-0.000000,-0.500000,-1
4.762000,-0.400000,0.000000,-0.000000,0.000000,-0.400000,0.000000,-0.000000,-0.500000,-1
4.772000,-0.400006,0.000000,-0.003230,0.000000,-0.400006,0.000000,-8.814956,-0.500000,-1
4.782000,-0.400000,0.000000,-0.000008,0.000000,-0.400000,0.000000,-0.021313,-0.500000,-1
4.792000,-0.400000,0.000000,-0.000000,0.000000,-0.400000,0.000000,-0.000052,-0.500000,-1
4.802000,-0.400000,0.000000,-0.000000,0.000000,-0.400000,0.000000,-0.000000,-0.500000,-1
4.812000,-0.400000,0.000000,-0.000000,0.000000,-0.400000,0.000000,-0.000000,-0.500000,-1
4.822000,-0.400006,0.000000,-0.003230,0.000000,-0.400006,0.000000,-8.814956,-0.500000,-1
4.832000,-0.400000,0.000000,-0.000008,0.000000,-0.400000,0.000000,-0.021313,-0.500000,-1
4.842000,-0.400000,0.000000,-0.000000,0.000000,-0.400000,0.000000,-0.000052,-0.500000,-1
4.852000,-0.400000,0.000000,-0.000000,0.000000,-0.400000,0.000000,-0.000000,-0.500000,-1
4.862000,-0.400000,0.000000,-0.000000,0.000000,-0.400000,0.000000,-0.000000,-0.500000,-1
4.872000,-0.400006,0.000000,-0.003230,0.000000,-0.400006,0.000000,-8.814956,-0.500000,-1
4.882000,-0.400000,0.000000,-0.000008,0.000000,-0.400000,0.000000,-0.021313,-0.500000,-1
4.892000,-0.400000,0.000000,-0.000000,0.000000,-0.400000,0.000000,-0.000052,-0.500000,-1
4.902000,-0.400000,0.000000,-0.000000,0.000000,-0.400000,0.000000,-0.000000,-0.500000,-1
4.912000,-0.400000,0.000000,-0.000000,0.000000,-0.400000,0.000000,-0.000000,-0.500000,-1
4.922000,-0.400006,0.000000,-0.003230,0.000000,-0.400006,0.000000,-8.814956,-0.500000,-1
4.932000,-0.400000,0.000000,-0.000008,0.000000,-0.400000,0.000000,-0.021313,-0.500000,-1
4.942000,-0.400000,0.000000,-0.000000,0.000000,-0.400000,0.000000,-0.000052,-0.500000,-1
4.952000,-0.400000,0.000000,-0.000000,0.000000,-0.400000,0.000000,-0.000000,-0.500000,-1
4.962000,-0.400000,0.000000,-0.000000,0.000000,-0.400000,0.000000,-0.000000,-0.500000,-1
4.972000,-0.400006,0.000000,-0.003230,0.000000,-0.400006,0.000000,-8.814956,-0.500000,-1
4.982000,-0.400000,0.000000,-0.000008,0.000000,-0.400000,0.000000,-0.021313,-0.500000,-1
4.992000,-0.400000,0.000000,-0.000000,0.000000,-0.400000,0.000000,-0.000052,-0.500000,-1
5.002000,-0.400000,0.000000,-0.000000,0.000000,-0.400000,0.000000,-0.000000,-0.500000,-1
5.012000,-0.400000,0.000000,-0.000000,0.000000,-0.400000,0.000000,-0.000000,-0.500000,-1
5.022000,-0.400006,0.000000,-0.003230,0.000000,-0.400006,0.000000,-8.814956,-0.500000,-1
5.032000,-0.400000,0.000000,-0.000008,0.000000,-0.400000,0.000000,-0.021313,-0.500000,-1
5.042000,-0.400000,0.000000,-0.000000,0.000000,-0.400000,0.000000,-0.000052,-0.500000,-1
5.052000,-0.400000,0.000000,-0.000000,0.000000,-0.400000,0.000000,-0.000000,-0.500000,-1
5.062000,-0.400000,0.000000,-0.000000,0.000000,-0.400000,0.000000,-0.000000,-0.500000,-1
5.072000,-0.400006,0.000000,-0.003230,0.000000,-0.400006,0.000000,-8.814956,-0.500000,-1
5.082000,-0.400000,0.000000,-0.000008,0.000000,-0.400000,0.000000,-0.021313,-0.500000,-1
5.092000,-0.400000,0.000000,-0.000000,0.000000,-0.400000,0.000000,-0.000052,-0.500000,-1
5.102000,-0.400000,0.000000,-0.000000,0.000000,-0.400000,0.000000,-0.000000,-0.500000,-1
5.112000,-0.400000,0.000000,-0.000000,0.000000,-0.400000,0.000000,-0.000000,-0.500000,-1
5.122000,-0.400006,0.000000,-0.003230,0.000000,-0.400006,0.000000,-8.814956,-0.500000,-1
5.132000,-0.400000,0.000000,-0.000008,0.000000,-0.400000,0.000000,-0.021313,-0.500000,-1
5.142000,-0.400000,0.000000,-0.000000,0.000000,-0.400000,0.000000,-0.000052,-0.500000,-1
5.152000,-0.400000,0.000000,-0.000000,0.000000,-0.400000,0.000000,-0.000000,-0.500000,-1
5.162000,-0.400000,0.000000,-0.000000,0.000000,-0.400000,0.000000,-0.000000,-0.500000,-1
5.172000,-0.400006,0.000000,-0.003230,0.000000,-0.400006,0.000000,-8.814956,-0.500000,-1
5.182000,-0.400000,0.000000,-0.000008,0.000000,-0.400000,0.000000,-0.021313,-0.500000,-1
5.192000,-0.400000,0.000000,-0.000000,0.000000,-0.400000,0.000000,-0.000052,-0.500000,-1
5.202000,-0.400000,0.000000,-0.000000,0.000000,-0.400000,0.000000,-0.000000,-0.500000,-1
5.212000,-0.400000,0.000000,-0.000000,0.000000,-0.400000,0.000000,-0.000000,-0.500000,-1
5.222000,-0.400006,0.000000,-0.003230,0.000000,-0.400006,0.000000,-8.814956,-0.500000,-1
5.232000,-0.400000,0.000000,-0.000008,0.000000,-0.400000,0.000000,-0.021313,-0.500000,-1
5.242000,-0.400000,0.000000,-0.000000,0.000000,-0.400000,0.000000,-0.000052,-0.500000,-1
5.252000,-0.400000,0.000000,-0.000000,0.000000,-0.400000,0.000000,-0.000000,-0.500000,-1
5.262000,-0.400000,0.000000,-0.000000,0.000000,-0.400000,0.000000,-0.000000,-0.500000,-1
5.272000,-0.400006,0.000000,-0.003230,0.000000,-0.400006,0.000000,-8.814956,-0.500000,-1
5.282000,-0.400000,0.000000,-0.000008,0.000000,-0.400000,0.000000,-0.021313,-0.500000,-1
5.292000,-0.400000,0.000000,-0.000000,0.000000,-0.400000,0.000000,-0.000052,-0.500000,-1
5.302000,-0.400000,0.000000,-0.000000,0.000000,-0.400000,0.000000,-0.000000,-0.500000,-1
5.312000,-0.400000,0.000000,-0.000000,0.000000,-0.400000,0.000000,-0.000000,-0.500000,-1
5.322000,-0.400006,0.000000,-0.003230,0.000000,-0.400006,0.000000,-8.814956,-0.500000,-1
5.332000,-0.400000,0.000000,-0.000008,0.000000,-0.400000,0.000000,-0.021313,-0.500000,-1
5.342000,-0.400000,0.000000,-0.000000,0.000000,-0.400000,0.000000,-0.000052,-0.500000,-1
5.352000,-0.400000,0.000000,-0.000000,0.000000,-0.400000,0.000000,-0.000000,-0.500000,-1
5.362000,-0.400000,0.000000,-0.000000,0.000000,-0.400000,0.000000,-0.000000,-0.500000,-1
5.372000,-0.400006,0.000000,-0.003230,0.000000,-0.400006,0.000000,-8.814956,-0.500000,-1
5.382000,-0.400000,0.000000,-0.000008,0.000000,-0.400000,0.000000,-0.021313,-0.500000,-1
5.392000,-0.400000,0.000000,-0.000000,0.000000,-0.400000,0.000000,-0.000052,-0.500000,-1
5.402000,-0.400000,0.000000,-0.000000,0.000000,-0.400000,0.000000,-0.000000,-0.500000,-1
5.412000,-0.400000,0.000000,-0.000000,0.000000,-0.400000,0.000000,-0.000000,-0.500000,-1
5.422000,-0.400006,0.000000,-0.003230,0.000000,-0.400006,0.000000,-8.814956,-0.500000,-1
5.432000,-0.400000,0.000000,-0.000008,0.000000,-0.400000,0.000000,-0.021313,-0.500000,-1
5.442000,-0.400000,0.000000,-0.000000,0.000000,-0.400000,0.000000,-0.000052,-0.500000,-1
5.452000,-0.400000,0.000000,-0.000000,0.000000,-0.400000,0.000000,-0.000000,-0.500000,-1
5.462000,-0.400000,0.000000,-0.000000,0.000000,-0.400000,0.000000,-0.000000,-0.500000,-1
5.472000,-0.400006,0.000000,-0.003230,0.000000,-0.400006,0.000000,-8.814956,-0.500000,-1
5.482000,-0.400000,0.000000,-0.000008,0.000000,-0.400000,0.000000,-0.021313,-0.500000,-1
5.492000,-0.400000,0.000000,-0.000000,0.000000,-0.400000,0.000000,-0.000052,-0.500000,-1
5.502000,-0.400000,0.000000,-0.000000,0.000000,-0.400000,0.000000,-0.000000,-0.500000,-1
5.512000,-0.400000,0.000000,-0.000000,0.000000,-0.400000,0.000000,-0.000000,-0.500000,-1
5.522000,-0.400006,0.000000,-0.003230,0.000000,-0.400006,0.000000,-8.814956,-0.500000,-1
5.532000,-0.400000,0.000000,-0.000008,0.000000,-0.400000,0.000000,-0.021313,-0.500000,-1
5.542000,-0.400000,0.000000,-0.000000,0.000000,-0.400000,0.000000,-0.000052,-0.500000,-1
5.552000,-0.400000,0.000000,-0.000000,0.000000,-0.400000,0.000000,-0.000000,-0.500000,-1
5.562000,-0.400000,0.000000,-0.000000,0.000000,-0.400000,0.000000,-0.000000,-0.500000,-1
5.572000,-0.400006,0.000000,-0.003230,0.000000,-0.400006,0.000000,-8.814956,-0.500000,-1
5.582000,-0.400000,0.000000,-0.000008,0.000000,-0.400000,0.000000,-0.021313,-0.500000,-1
5.592000,-0.400000,0.000000,-0.000000,0.000000,-0.400000,0.000000,-0.000052,-0.500000,-1
5.602000,-0.400000,0.000000,-0.000000,0.000000,-0.400000,0.000000,-0.000000,-0.500000,-1
5.612000,-0.400000,0.000000,-0.000000,0.000000,-0.400000,0.000000,-0.000000,-0.500000,-1
5.622000,-0.400006,0.000000,-0.003230,0.000000,-0.400006,0.000000,-8.814956,-0.500000,-1
5.632000,-0.400000,0.000000,-0.000008,0.000000,-0.400000,0.000000,-0.021313,-0.500000,-1
5.642000,-0.400000,0.000000,-0.000000,0.000000,-0.400000,0.000000,-0.000052,-0.500000,-1
5.652000,-0.400000,0.000000,-0.000000,0.000000,-0.400000,0.000000,-0.000000,-0.500000,-1
5.662000,-0.400000,0.000000,-0.000000,0.000000,-0.400000,0.000000,-0.000000,-0.500000,-1
5.672000,-0.400006,0.000000,-0.003230,0.000000,-0.400006,0.000000,-8.814956,-0.500000,-1
5.682000,-0.400000,0.000000,-0.000008,0.000000,-0.400000,0.000000,-0.021313,-0.500000,-1
5.692000,-0.400000,0.000000,-0.000000,0.000000,-0.400000,0.000000,-0.000052,-0.500000,-1
5.702000,-0.400000,0.000000,-0.000000,0.000000,-0.400000,0.000000,-0.000000,-0.500000,-1
5.712000,-0.400000,0.000000,-0.000000,0.000000,-0.400000,0.000000,-0.000000,-0.500000,-1
5.722000,-0.400006,0.000000,-0.003230,0.000000,-0.400006,0.000000,-8.814956,-0.500000,-1
5.732000,-0.400000,0.000000,-0.000008,0.000000,-0.400000,0.000000,-0.021313,-0.500000,-1
5.742000,-0.400000,0.000000,-0.000000,0.000000,-0.400000,0.000000,-0.000052,-0.500000,-1
5.752000,-0.400000,0.000000,-0.000000,0.000000,-0.400000,0.000000,-0.000000,-0.500000,-1
5.762000,-0.400000,0.000000,-0.000000,0.000000,-0.400000,0.000000,-0.000000,-0.500000,-1
5.772000,-0.400006,0.000000,-0.003230,0.000000,-0.400006,0.000000,-8.814956,-0.500000,-1
5.782000,-0.400000,0.000000,-0.000008,0.000000,-0.400000,0.000000,-0.021313,-0.500000,-1
5.792000,-0.400000,0.000000,-0.000000,0.000000,-0.400000,0.000000,-0.000052,-0.500000,-1
5.802000,-0.400000,0.000000,-0.000000,0.000000,-0.400000,0.000000,-0.000000,-0.500000,-1
5.812000,-0.400000,0.000000,-0.000000,0.000000,-0.400000,0.000000,-0.000000,-0.500000,-1
5.822000,-0.400006,0.000000,-0.003230,0.000000,-0.400006,0.000000,-8.814956,-0.500000,-1
5.832000,-0.400000,0.000000,-0.000008,0.000000,-0.400000,0.000000,-0.021313,-0.500000,-1
5.842000,-0.400000,0.000000,-0.000000,0.000000,-0.400000,0.000000,-0.000052,-0.500000,-1
5.852000,-0.400000,0.000000,-0.000000,0.000000,-0.400000,0.000000,-0.000000,-0.500000,-1
5.862000,-0.400000,0.000000,-0.000000,0.000000,-0.400000,0.000000,-0.000000,-0.500000,-1
5.872000,-0.400006,0.000000,-0.003230,0.000000,-0.400006,0.000000,-8.814956,-0.500000,-1
5.882000,-0.400000,0.000000,-0.000008,0.000000,-0.400000,0.000000,-0.021313,-0.500000,-1
5.892000,-0.400000,0.000000,-0.000000,0.000000,-0.400000,0.000000,-0.000052,-0.500000,-1
5.902000,-0.400000,0.000000,-0.000000,0.000000,-0.400000,0.000000,-0.000000,-0.500000,-1
5.912000,-0.400000,0.000000,-0.000000,0.000000,-0.400000,0.000000,-0.000000,-0.500000,-1
5.922000,-0.400006,0.000000,-0.003230,0.000000,-0.400006,0.000000,-8.814956,-0.500000,-1
5.932000,-0.400000,0.000000,-0.000008,0.000000,-0.400000,0.000000,-0.021313,-0.500000,-1
5.942000,-0.400000,0.000000,-0.000000,0.000000,-0.400000,0.000000,-0.000052,-0.500000,-1
5.952000,-0.400000,0.000000,-0.000000,0.000000,-0.400000,0.000000,-0.000000,-0.500000,-1
5.962000,-0.400000,0.000000,-0.000000,0.000000,-0.400000,0.000000,-0.000000,-0.500000,-1
5.972000,-0.400006,0.000000,-0.003230,0.000000,-0.400006,0.000000,-8.814956,-0.500000,-1
5.982000,-0.400000,0.000000,-0.000008,0.000000,-0.400000,0.000000,-0.021313,-0.500000,-1
5.992000,-0.400000,0.000000,-0.000000,0.000000,-0.400000,0.000000,-0.000052,-0.500000,-1
